evolution$generation,evolution$evaluated,popInit,propInfecte,teG,tiG,trG,beta,infectionRadiusI,objective$integraleInfected,objective$integraleExposed,evolution$samples,propExposed,teG,trG,sd_expo_t,infectionRadiusI,propRecovered,integraleInfected,tiG,propInfecte,mySeed,integraleExposed,propInfected,propSuseptible
500,19613,698.3281262771736,12.65489823773048,35.48374165511091,1.0,42.73665423065975,0.1,1.0,9.406052356111093,385.1000715838341,1,"[0.21336674608013764]","[35.48374165511091]","[42.73665423065975]","[2.0]","[1.0]","[0.2835343337172299]","[9.406052356111093]","[1.0]","[12.65489823773048]","[-1376485055]","[385.1000715838341]","[0.2835343337172299]","[0.4911731134596457]"
500,19613,834.5754789929448,3.2782737974589984,42.38496348181299,44.28022691235948,1.0,0.7654589940030226,3.7384656388037074,341.57024172939146,15.975261457162192,1,"[0.3774374013242041]","[42.38496348181299]","[1.0]","[2.0]","[3.7384656388037074]","[0.08866783396187652]","[341.57024172939146]","[44.28022691235948]","[3.2782737974589984]","[-1168449761]","[15.975261457162192]","[0.08866783396187652]","[0.0]"
500,19613,694.6297930634357,15.0,45.57293213772806,11.936712188737115,365.0,0.10367744668852606,2.2053073719247127,22.333518892400228,307.5591027435417,9,"[0.0,0.0,0.0,0.0,0.0,0.0,0.0,0.0,0.0]","[45.57293213772806,45.57293213772806,45.57293213772806,45.57293213772806,45.57293213772806,45.57293213772806,45.57293213772806,45.57293213772806,45.57293213772806]","[365.0,365.0,365.0,365.0,365.0,365.0,365.0,365.0,365.0]","[2.0,2.0,2.0,2.0,2.0,2.0,2.0,2.0,2.0]","[2.2053073719247127,2.2053073719247127,2.2053073719247127,2.2053073719247127,2.2053073719247127,2.2053073719247127,2.2053073719247127,2.2053073719247127,2.2053073719247127]","[0.0,0.0,0.0,0.0,0.0,0.0,0.0,0.0,0.0]","[22.28778861762661,22.43985443664333,22.217247445207406,22.393786732206294,22.333518892400228,22.36696748462775,22.588668312230944,22.30362623779176,22.072752416910767]","[11.936712188737115,11.936712188737115,11.936712188737115,11.936712188737115,11.936712188737115,11.936712188737115,11.936712188737115,11.936712188737115,11.936712188737115]","[15.0,15.0,15.0,15.0,15.0,15.0,15.0,15.0,15.0]","[-1948111802,-1915256793,-1965486512,-258402685,-1137454310,1150033932,-1987713480,1277677976,-614898567]","[307.54178997897804,307.4415067523068,307.7626339795938,307.2880281317886,307.29147055612356,307.69254530855954,307.6239111061057,307.5591027435417,307.6816064280747]","[0.0,0.0,0.0,0.0,0.0,0.0,0.0,0.0,0.0]","[0.9990933399780361,0.9990933399780361,0.9990933399780361,0.9990933399780361,0.9990933399780361,0.9990933399780361,0.9990933399780361,0.9990933399780361,0.9990933399780361]"
500,19613,630.1497358721024,4.838299632674598,12.304885379414003,9.734323931064795,194.16620001217024,0.5682016329093905,1.5387262427461654,16.37594067297409,510.5975272178567,7,"[0.0,0.0,0.0,0.0,0.0,0.0,0.0]","[12.304885379414003,12.304885379414003,12.304885379414003,12.304885379414003,12.304885379414003,12.304885379414003,12.304885379414003]","[194.16620001217024,194.16620001217024,194.16620001217024,194.16620001217024,194.16620001217024,194.16620001217024,194.16620001217024]","[2.0,2.0,2.0,2.0,2.0,2.0,2.0]","[1.5387262427461654,1.5387262427461654,1.5387262427461654,1.5387262427461654,1.5387262427461654,1.5387262427461654,1.5387262427461654]","[0.0,0.0,0.0,0.0,0.0,0.0,0.0]","[16.37594067297409,16.844083374949097,16.179841731717264,15.631218983134174,16.23906969571044,17.223299647554,17.342377640780114]","[9.734323931064795,9.734323931064795,9.734323931064795,9.734323931064795,9.734323931064795,9.734323931064795,9.734323931064795]","[4.838299632674598,4.838299632674598,4.838299632674598,4.838299632674598,4.838299632674598,4.838299632674598,4.838299632674598]","[1507641463,885153690,-1317046042,-1624882802,1390729139,1732211996,-2019896391]","[510.5975272178567,510.7707092960929,510.3742018868963,510.2981593008055,510.52698880658903,510.8892864511043,510.78137559098803]","[0.0,0.0,0.0,0.0,0.0,0.0,0.0]","[0.9997623804889878,0.9997623804889878,0.9997623804889878,0.9997623804889878,0.9997623804889878,0.9997623804889878,0.9997623804889878]"
500,19613,545.651997634311,1.0,31.55634806925896,1.0,131.99806341490282,0.7891579071327589,1.8642414308219826,12.211988039091413,239.5228036567307,1,"[0.003665339829545304]","[31.55634806925896]","[131.99806341490282]","[2.0]","[1.8642414308219826]","[0.711075926931789]","[12.211988039091413]","[1.0]","[1.0]","[-554082362]","[239.5228036567307]","[0.711075926931789]","[0.28406383678976105]"
500,19613,863.643990563966,1.263677349227018,7.31939417868258,27.311812264345242,14.474694218296584,0.30491066768528385,1.4059491267088822,366.0894725853481,33.95537487407306,8,"[0.1609459470785317,0.17136690768073878,0.16789325414666975,0.15052498647632462,0.14357767940818655,0.17484056121480782,0.15747229354446268,0.16557748512395706]","[7.31939417868258,7.31939417868258,7.31939417868258,7.31939417868258,7.31939417868258,7.31939417868258,7.31939417868258,7.31939417868258]","[14.474694218296584,14.474694218296584,14.474694218296584,14.474694218296584,14.474694218296584,14.474694218296584,14.474694218296584,14.474694218296584]","[2.0,2.0,2.0,2.0,2.0,2.0,2.0,2.0]","[1.4059491267088822,1.4059491267088822,1.4059491267088822,1.4059491267088822,1.4059491267088822,1.4059491267088822,1.4059491267088822,1.4059491267088822]","[0.30683939550943096,0.2917868968617985,0.3103130490435,0.3056815109980746,0.3079972800207873,0.28599747430501676,0.2871553588163731,0.2975763194185802]","[368.37831946665074,366.2999167687664,365.87613103761004,365.8790284019298,367.332749752896,367.53306377336116,365.8633943079852,365.7916054682812]","[27.311812264345242,27.311812264345242,27.311812264345242,27.311812264345242,27.311812264345242,27.311812264345242,27.311812264345242,27.311812264345242]","[1.263677349227018,1.263677349227018,1.263677349227018,1.263677349227018,1.263677349227018,1.263677349227018,1.263677349227018,1.263677349227018]","[-194055203,-382332356,-1052298971,-63963692,-342783471,499892341,1620163650,-806840699]","[34.0910470848453,33.360651712549135,35.14716348310257,34.44587670435069,33.63869499324859,33.75283899473981,33.98848437647214,33.92226537167398]","[0.30683939550943096,0.2917868968617985,0.3103130490435,0.3056815109980746,0.3079972800207873,0.28599747430501676,0.2871553588163731,0.2975763194185802]","[0.006947307068138059,0.012736729624919774,0.009263076090850746,0.017368267670345147,0.013894614136276118,0.009263076090850746,0.010420960602207088,0.010420960602207088]"
500,19613,689.303939709043,7.223230506937162,43.74072756751528,1.0,31.444477801877973,0.5672044451069328,2.7943845472636677,21.77423096008094,104.4205001455516,1,"[0.43086943638442643]","[43.74072756751528]","[31.444477801877973]","[2.0]","[2.7943845472636677]","[0.1494261008336563]","[21.77423096008094]","[1.0]","[7.223230506937162]","[-1176944239]","[104.4205001455516]","[0.1494261008336563]","[0.4047561372096127]"
500,19613,829.2889300163977,13.623231537766719,35.93281690088246,10.21740261101764,40.503744579192286,0.12990036704688634,1.0445421234220695,62.2847020212639,159.34174852871595,5,"[0.331609394562354,0.3605498508150686,0.36416740784665785,0.37140252190983647,0.3111099047166812]","[35.93281690088246,35.93281690088246,35.93281690088246,35.93281690088246,35.93281690088246]","[40.503744579192286,40.503744579192286,40.503744579192286,40.503744579192286,40.503744579192286]","[2.0,2.0,2.0,2.0,2.0]","[1.0445421234220695,1.0445421234220695,1.0445421234220695,1.0445421234220695,1.0445421234220695]","[0.47631167582592665,0.446165367229349,0.44254781019775974,0.4521946289486646,0.5197223602049985]","[60.40834573916776,62.2847020212639,63.233980790325276,62.42118367002896,61.39270581627808]","[10.21740261101764,10.21740261101764,10.21740261101764,10.21740261101764,10.21740261101764]","[13.623231537766719,13.623231537766719,13.623231537766719,13.623231537766719,13.623231537766719]","[1325454170,912214211,-153973594,54386086,929832852]","[178.1314071176312,159.34174852871595,150.15585619181118,152.92510632373543,169.74583437801158]","[0.47631167582592665,0.446165367229349,0.44254781019775974,0.4521946289486646,0.5197223602049985]","[0.07235114063178633,0.07958625469496497,0.11335012032313192,0.08199795938269118,0.055469207817702856]"
500,19613,571.3472176692726,6.461848805179157,15.227404768335006,2.818596049012436,284.03458468562616,0.34160973321903076,3.8339209641882843,16.474376176261785,425.61566909950596,6,"[0.0,0.0,0.0,0.0,0.0,0.0]","[15.227404768335006,15.227404768335006,15.227404768335006,15.227404768335006,15.227404768335006,15.227404768335006]","[284.03458468562616,284.03458468562616,284.03458468562616,284.03458468562616,284.03458468562616,284.03458468562616]","[2.0,2.0,2.0,2.0,2.0,2.0]","[3.8339209641882843,3.8339209641882843,3.8339209641882843,3.8339209641882843,3.8339209641882843,3.8339209641882843]","[0.0,0.0,0.0,0.0,0.0,0.0]","[16.19607867732549,16.988941556483184,16.79641414653319,16.385817082378118,16.26083789703594,16.56293527014545]","[2.818596049012436,2.818596049012436,2.818596049012436,2.818596049012436,2.818596049012436,2.818596049012436]","[6.461848805179157,6.461848805179157,6.461848805179157,6.461848805179157,6.461848805179157,6.461848805179157]","[723360180,622641915,710431236,2112504935,-295634221,1669842314]","[425.50151217630474,425.59973802365397,425.63160017535796,425.4835670250797,425.80486303024105,425.691846677662]","[0.0,0.0,0.0,0.0,0.0,0.0]","[0.9993922825586007,0.9993922825586007,0.9993922825586007,0.9993922825586007,0.9993922825586007,0.9993922825586007]"
500,19613,667.3399702610463,7.223230506937162,43.75774287732716,1.0,31.444477801877973,0.6765481764042885,2.7943845472636677,20.677342595364784,146.01700789804275,2,"[0.5469476073150861,0.6263673968704273]","[43.75774287732716,43.75774287732716]","[31.444477801877973,31.444477801877973]","[2.0,2.0]","[2.7943845472636677,2.7943845472636677]","[0.09740162869994684,0.19480325739989368]","[19.59625769888677,21.7584274918428]","[1.0,1.0]","[7.223230506937162,7.223230506937162]","[1409904002,-729176865]","[183.6893803563898,108.3446354396957]","[0.09740162869994684,0.19480325739989368]","[0.3071897520536785,0.032966705098443544]"
500,19613,858.2497746033266,1.0591511400480211,7.132868103080526,7.877344224334918,297.0275973177459,0.21745867272346847,1.8205886242175635,17.114480725074493,415.51775199847964,6,"[0.0,0.0,0.0,0.0,0.0,0.0]","[7.132868103080526,7.132868103080526,7.132868103080526,7.132868103080526,7.132868103080526,7.132868103080526]","[297.0275973177459,297.0275973177459,297.0275973177459,297.0275973177459,297.0275973177459,297.0275973177459]","[2.0,2.0,2.0,2.0,2.0,2.0]","[1.8205886242175635,1.8205886242175635,1.8205886242175635,1.8205886242175635,1.8205886242175635,1.8205886242175635]","[0.0,0.0,0.0,0.0,0.0,0.0]","[17.02229934599472,17.75809491985198,16.789814130929276,17.05989130884959,18.17713788225649,17.1690701412994]","[7.877344224334918,7.877344224334918,7.877344224334918,7.877344224334918,7.877344224334918,7.877344224334918]","[1.0591511400480211,1.0591511400480211,1.0591511400480211,1.0591511400480211,1.0591511400480211,1.0591511400480211]","[1380854464,-564617685,260662760,424998619,187673806,-959975428]","[415.40629715822735,415.5064369592783,415.66910421540416,415.5229918868192,415.8082280447369,415.51251211014005]","[0.0,0.0,0.0,0.0,0.0,0.0]","[0.9997089721305874,0.9997089721305874,0.9997089721305874,0.9997089721305874,0.9997089721305874,0.9997089721305874]"
500,19613,706.1620804445267,3.8284502991074403,45.09272009288107,36.64650622282025,22.253019071275183,0.34618324451584426,1.8118122271827835,236.422977965254,26.765462683566433,4,"[0.4092544870408157,0.38376458819398285,0.3908451156514364,0.37951627171951074]","[45.09272009288107,45.09272009288107,45.09272009288107,45.09272009288107]","[22.253019071275183,22.253019071275183,22.253019071275183,22.253019071275183]","[2.0,2.0,2.0,2.0]","[1.8118122271827835,1.8118122271827835,1.8118122271827835,1.8118122271827835]","[0.19683866331720892,0.16426823701292256,0.18975813585975537,0.20250308528317176]","[236.14612934166772,237.3200807941136,235.991773843095,236.69982658884027]","[36.64650622282025,36.64650622282025,36.64650622282025,36.64650622282025]","[3.8284502991074403,3.8284502991074403,3.8284502991074403,3.8284502991074403]","[1765915133,-986640740,-302191839,-392334692]","[26.561045590307614,26.609198379334615,26.92172698779825,27.673127654250678]","[0.19683866331720892,0.16426823701292256,0.18975813585975537,0.20250308528317176]","[0.004248316474472135,0.007080527457453558,0.004248316474472135,0.0014161054914907116]"
500,19613,706.1620804445267,3.8284502991074403,45.09271927633857,36.64650622282025,22.25301907127518,0.34618324451584437,1.8118123716314616,236.78757821946846,26.804413448010123,6,"[0.41775111998975994,0.41067059253230637,0.39792564310889,0.43049606941317636,0.3908451156514364,0.4262477529387042]","[45.09271927633857,45.09271927633857,45.09271927633857,45.09271927633857,45.09271927633857,45.09271927633857]","[22.25301907127518,22.25301907127518,22.25301907127518,22.25301907127518,22.25301907127518,22.25301907127518]","[2.0,2.0,2.0,2.0,2.0,2.0]","[1.8118123716314616,1.8118123716314616,1.8118123716314616,1.8118123716314616,1.8118123716314616,1.8118123716314616]","[0.18550981938528321,0.1840937138937925,0.17701318643633895,0.16143602602994114,0.1826776084023018,0.18126150291081108]","[237.22040867344788,237.04339548701162,237.1402353966944,235.91132010368847,236.40527664661062,236.53176095192526]","[36.64650622282025,36.64650622282025,36.64650622282025,36.64650622282025,36.64650622282025,36.64650622282025]","[3.8284502991074403,3.8284502991074403,3.8284502991074403,3.8284502991074403,3.8284502991074403,3.8284502991074403]","[-1536134268,1512336568,-1452017243,966111456,1239544535,-1042843288]","[26.785486896891708,26.82333999912854,25.206750615970087,28.39399597057295,27.013383971615035,26.685955116264793]","[0.18550981938528321,0.1840937138937925,0.17701318643633895,0.16143602602994114,0.1826776084023018,0.18126150291081108]","[0.009912738440434981,0.002832210982981423,0.004248316474472135,0.002832210982981423,0.002832210982981423,0.007080527457453558]"
500,19613,744.0811435313924,3.560604232001411,23.698344039552726,27.177626504748492,20.346630795097315,0.1189092144833694,2.863457533091294,253.91911228229552,24.99707074463913,4,"[0.35883183214780046,0.31716970931416066,0.3400166799003502,0.33464092211536445]","[23.698344039552726,23.698344039552726,23.698344039552726,23.698344039552726]","[20.346630795097315,20.346630795097315,20.346630795097315,20.346630795097315]","[2.0,2.0,2.0,2.0]","[2.863457533091294,2.863457533091294,2.863457533091294,2.863457533091294]","[0.26475607091054937,0.2889469809429854,0.2781954653730138,0.27013182869553515]","[252.9096438852076,254.28718181761036,255.06129093864828,253.55104274698067]","[27.177626504748492,27.177626504748492,27.177626504748492,27.177626504748492]","[3.560604232001411,3.560604232001411,3.560604232001411,3.560604232001411]","[-2005210957,-209598184,2062784721,-573164385]","[25.840813651811924,24.15332783746634,23.484326720588733,27.54390835779143]","[0.26475607091054937,0.2889469809429854,0.2781954653730138,0.27013182869553515]","[0.009407576123725106,0.006719697231232218,0.005375757784985774,0.010751515569971549]"
500,19613,914.1423482658774,5.620948256459669,44.35805404132695,37.56098986431655,1.8711806012572425,0.1642320830926134,3.213828737687534,302.94853299958044,16.817098984878932,1,"[0.5436790024472732]","[44.35805404132695]","[1.8711806012572425]","[2.0]","[3.213828737687534]","[0.07548058585284073]","[302.94853299958044]","[37.56098986431655]","[5.620948256459669]","[1404970476]","[16.817098984878932]","[0.07548058585284073]","[0.0]"
500,19613,971.1637750187812,6.062987163450276,45.82987368722843,11.098384220446873,1.0,0.1,2.480534376029086,130.49337025807276,22.14518737290866,1,"[0.7619724077802318]","[45.82987368722843]","[1.0]","[2.0]","[2.480534376029086]","[0.04015800527490411]","[130.49337025807276]","[11.098384220446873]","[6.062987163450276]","[-95066630]","[22.14518737290866]","[0.04015800527490411]","[0.005148462214731296]"
500,19613,705.8841238981614,6.750028747751349,37.59683809164309,1.0,13.430303021732898,0.8279688759608578,2.633669253219786,23.000529358586064,79.51427836240254,2,"[0.6502483686206553,0.6374984006084856]","[37.59683809164309,37.59683809164309]","[13.430303021732898,13.430303021732898]","[2.0,2.0]","[2.633669253219786,2.633669253219786]","[0.24933270779354103,0.2861659487175869]","[23.61255524872382,22.388503468448306]","[1.0,1.0]","[6.750028747751349,6.750028747751349]","[975778184,-108225708]","[75.19604872742265,83.83250799738242]","[0.24933270779354103,0.2861659487175869]","[0.06374984006084856,0.04108323026143574]"
500,19613,523.8798358450675,12.005701961272152,29.39227980067274,11.767863814689356,2.6679253382190247,0.1,2.7082627224704914,177.25577878592142,25.29722576619983,3,"[0.6451861226053378,0.6203712717359018,0.6318242798294876]","[29.39227980067274,29.39227980067274,29.39227980067274]","[2.6679253382190247,2.6679253382190247,2.6679253382190247]","[2.0,2.0,2.0]","[2.7082627224704914,2.7082627224704914,2.7082627224704914]","[0.04772086705660783,0.06490037919698664,0.06299154451472233]","[177.25577878592142,178.12239412344886,176.4750697926552]","[11.767863814689356,11.767863814689356,11.767863814689356]","[12.005701961272152,12.005701961272152,12.005701961272152]","[-747994013,-937580219,1896292006]","[25.29722576619983,26.09401296925391,24.01057535358264]","[0.04772086705660783,0.06490037919698664,0.06299154451472233]","[0.001908834682264313,0.0,0.003817669364528626]"
500,19613,585.8164971601224,8.903345383328976,28.53695832836147,7.193013218888829,7.697020898307006,0.7129511602923856,3.170383105155672,112.65457118135794,30.307121889135892,4,"[0.6025777725810849,0.6572023865261124,0.6213549836246881,0.6230620028104703]","[28.53695832836147,28.53695832836147,28.53695832836147,28.53695832836147]","[7.697020898307006,7.697020898307006,7.697020898307006,7.697020898307006]","[2.0,2.0,2.0,2.0]","[3.170383105155672,3.170383105155672,3.170383105155672,3.170383105155672]","[0.20654932147963534,0.18777211043603212,0.19118614880759635,0.17240893776399313]","[111.83870279370113,113.59534433962789,111.26378739629651,113.47043956901473]","[7.193013218888829,7.193013218888829,7.193013218888829,7.193013218888829]","[8.903345383328976,8.903345383328976,8.903345383328976,8.903345383328976]","[-1330937052,1529446901,-974757953,-70350905]","[32.25980542810606,35.68390006136373,28.35443835016572,27.504926303305467]","[0.20654932147963534,0.18777211043603212,0.19118614880759635,0.17240893776399313]","[0.008535095928910552,0.008535095928910552,0.008535095928910552,0.0034140383715642207]"
500,19613,685.3988105386061,7.223230506937162,43.74037760449393,1.0,31.444477801877973,0.9,2.7943845472636677,20.44102753325414,128.7578189450039,1,"[0.5836018298392851]","[43.74037760449393]","[31.444477801877973]","[2.0]","[2.7943845472636677]","[0.12401538884084809]","[20.44102753325414]","[1.0]","[7.223230506937162]","[968116143]","[128.7578189450039]","[0.12401538884084809]","[0.2626208234276783]"
500,19613,839.9973397539463,13.349688933541223,19.036025177457066,14.44062304433981,287.8520973965829,0.36715590090315064,1.862595732783973,22.042370129328823,406.2841854182983,6,"[0.0,0.0,0.0,0.0,0.0,0.0]","[19.036025177457066,19.036025177457066,19.036025177457066,19.036025177457066,19.036025177457066,19.036025177457066]","[287.8520973965829,287.8520973965829,287.8520973965829,287.8520973965829,287.8520973965829,287.8520973965829]","[2.0,2.0,2.0,2.0,2.0,2.0]","[1.862595732783973,1.862595732783973,1.862595732783973,1.862595732783973,1.862595732783973,1.862595732783973]","[0.0,0.0,0.0,0.0,0.0,0.0]","[21.738797739355903,22.745943786089576,22.47094291517294,21.52015076818809,22.260227962132916,21.82451229652473]","[14.44062304433981,14.44062304433981,14.44062304433981,14.44062304433981,14.44062304433981,14.44062304433981]","[13.349688933541223,13.349688933541223,13.349688933541223,13.349688933541223,13.349688933541223,13.349688933541223]","[-1808108255,341894047,453041332,787142225,-1958584821,242286374]","[406.10938913435564,406.1759381500359,406.48189149993016,406.2526376993403,406.3585582979973,406.31573313725625]","[0.0,0.0,0.0,0.0,0.0,0.0]","[0.9988126870089392,0.9988126870089392,0.9988126870089392,0.9988126870089392,0.9988126870089392,0.9988126870089392]"
500,19613,864.4037277826244,3.285041709176959,43.01786874463632,21.48242688181857,4.53916660669649,0.7655018773969767,3.740442078353217,209.99069618477108,17.764930857489126,1,"[0.5911589498934965]","[43.01786874463632]","[4.53916660669649]","[2.0]","[3.740442078353217]","[0.10527488148788293]","[209.99069618477108]","[21.48242688181857]","[3.285041709176959]","[-780308720]","[17.764930857489126]","[0.10527488148788293]","[0.00231373365907435]"
500,19613,885.4436132197563,6.565165854973354,45.61835112418014,8.172988875048894,1.0,0.10951618993605464,2.5075705030247,100.9668722341813,22.562701261652272,1,"[0.7984698172130033]","[45.61835112418014]","[1.0]","[2.0]","[2.5075705030247]","[0.05308073749506528]","[100.9668722341813]","[8.172988875048894]","[6.565165854973354]","[143725463]","[22.562701261652272]","[0.05308073749506528]","[0.006776264361072163]"
500,19613,865.0992605933761,1.971581231497179,49.00088228870724,4.806050051069066,40.641579340411525,0.5919519058281064,2.341062823810751,38.923936376159176,46.47729540184299,1,"[0.48318154810731384]","[49.00088228870724]","[40.641579340411525]","[2.0]","[2.341062823810751]","[0.46815437077383276]","[38.923936376159176]","[4.806050051069066]","[1.971581231497179]","[-1642406267]","[46.47729540184299]","[0.46815437077383276]","[0.030054354666962105]"
500,19613,500.0,3.392932964866172,46.54122481363184,14.244471616398396,1.0,0.9,4.0,155.3102291769894,19.304890576685935,1,"[0.762]","[46.54122481363184]","[1.0]","[2.0]","[4.0]","[0.024]","[155.3102291769894]","[14.244471616398396]","[3.392932964866172]","[1819191000]","[19.304890576685935]","[0.024]","[0.0]"
500,19613,865.0991462765821,1.9715812314971792,49.498668759548316,10.94397123657706,48.85218666325037,0.6127947115921236,2.4741272835299815,70.81443213000153,49.15637807872978,3,"[0.3363776293763258,0.30285546012576414,0.3594963667905063]","[49.498668759548316,49.498668759548316,49.498668759548316]","[48.85218666325037,48.85218666325037,48.85218666325037]","[2.0,2.0,2.0]","[2.4741272835299815,2.4741272835299815,2.4741272835299815]","[0.5583175085524583,0.6022431096394012,0.5282631499140237]","[69.82733356522276,71.5495640322816,70.81443213000153]","[10.94397123657706,10.94397123657706,10.94397123657706]","[1.9715812314971792,1.9715812314971792,1.9715812314971792]","[970545853,698151895,-2088352975]","[59.55058064164476,49.15637807872978,44.72608647480527]","[0.5583175085524583,0.6022431096394012,0.5282631499140237]","[0.004623747482836093,0.01040343183638121,0.01387124244850828]"
500,19613,500.0,5.956758849083954,33.237652092102024,1.0,24.221604276241806,0.1284117139574908,2.994627821060178,23.845192183604862,72.29632235129287,1,"[0.514]","[33.237652092102024]","[24.221604276241806]","[2.0]","[2.994627821060178]","[0.238]","[23.845192183604862]","[1.0]","[5.956758849083954]","[-828719051]","[72.29632235129287]","[0.238]","[0.204]"
500,19613,953.4439285189942,12.257390208605417,26.055005170626302,15.749562163095916,260.92633780377895,0.6063343346562785,1.4203776323338304,19.628936018046524,424.6153246930908,7,"[0.0,0.0,0.0,0.0,0.0,0.0,0.0]","[26.055005170626302,26.055005170626302,26.055005170626302,26.055005170626302,26.055005170626302,26.055005170626302,26.055005170626302]","[260.92633780377895,260.92633780377895,260.92633780377895,260.92633780377895,260.92633780377895,260.92633780377895,260.92633780377895]","[2.0,2.0,2.0,2.0,2.0,2.0,2.0]","[1.4203776323338304,1.4203776323338304,1.4203776323338304,1.4203776323338304,1.4203776323338304,1.4203776323338304,1.4203776323338304]","[0.0,0.0,0.0,0.0,0.0,0.0,0.0]","[19.03535466123703,19.96024940583974,20.137618265101537,19.778760312742072,19.112795270539863,19.477787893169015,19.628936018046524]","[15.749562163095916,15.749562163095916,15.749562163095916,15.749562163095916,15.749562163095916,15.749562163095916,15.749562163095916]","[12.257390208605417,12.257390208605417,12.257390208605417,12.257390208605417,12.257390208605417,12.257390208605417,12.257390208605417]","[1575134710,459570432,1115113848,461191652,650735186,-1142030492,1049494003]","[424.4678760939595,424.7462394884286,424.9751578963702,424.5765180062021,424.53216851226676,424.7232006954186,424.6153246930908]","[0.0,0.0,0.0,0.0,0.0,0.0,0.0]","[0.9995343947287139,0.9995343947287139,0.9995343947287139,0.9995343947287139,0.9995343947287139,0.9995343947287139,0.9995343947287139]"
500,19613,503.30231936804205,9.699977404748171,35.26969401576603,1.0,40.82481320277075,0.6498702977628359,3.245790182447083,16.059804924484766,140.44019857308155,1,"[0.38346733677352257]","[35.26969401576603]","[40.82481320277075]","[2.0]","[3.245790182447083]","[0.5146012446857117]","[16.059804924484766]","[1.0]","[9.699977404748171]","[102997439]","[140.44019857308155]","[0.5146012446857117]","[0.06755383134870346]"
500,19613,763.4834054807043,1.3575332157866378,19.210391967056317,1.0,122.29693364629219,0.5022169880008909,1.0,10.266298824046277,363.50186610180174,2,"[0.06810888046382589,0.03667401255744471]","[19.210391967056317,19.210391967056317]","[122.29693364629219,122.29693364629219]","[2.0,2.0]","[1.0,1.0]","[0.5265340374318848,0.6876377354520883]","[10.088729562442058,10.443868085650495]","[1.0,1.0]","[1.3575332157866378,1.3575332157866378]","[-1511041543,-1607796096]","[356.9339433886122,370.0697888149912]","[0.5265340374318848,0.6876377354520883]","[0.40079456580636,0.26719637720424005]"
500,19613,824.3143161093731,3.278320958901879,42.38499097369009,43.80575257265195,1.0,0.7654588606483012,3.7381261694805015,338.7394063826754,16.282467957513838,3,"[0.36757823330075085,0.3906276934747253,0.3833489165776807]","[42.38499097369009,42.38499097369009,42.38499097369009]","[1.0,1.0,1.0]","[2.0,2.0,2.0]","[3.7381261694805015,3.7381261694805015,3.7381261694805015]","[0.11160791242135008,0.10918165345566856,0.08127967535033104]","[338.7394063826754,339.67958173187657,338.5004198745553]","[43.80575257265195,43.80575257265195,43.80575257265195]","[3.278320958901879,3.278320958901879,3.278320958901879]","[1450537485,-577782938,-1414669691]","[16.282467957513838,16.246708539138783,16.70979838372119]","[0.11160791242135008,0.10918165345566856,0.08127967535033104]","[0.0,0.0,0.0]"
500,19613,718.585390962774,7.2232305069371625,43.73849615637169,1.3460564708999772,31.444546859973897,0.8771946336801572,2.7943845472636677,20.454493801434165,123.65898243437314,1,"[0.6067476537699147]","[43.73849615637169]","[31.444546859973897]","[2.0]","[2.7943845472636677]","[0.1683863901517424]","[20.454493801434165]","[1.3460564708999772]","[7.2232305069371625]","[-1235493535]","[123.65898243437314]","[0.1683863901517424]","[0.1725612593290583]"
500,19613,500.0,8.202264862454252,23.45238887554396,1.0,30.19970435593915,0.7973432571136011,1.0142800948234068,10.978252100875583,462.65170837804806,4,"[0.134,0.13,0.19,0.138]","[23.45238887554396,23.45238887554396,23.45238887554396,23.45238887554396]","[30.19970435593915,30.19970435593915,30.19970435593915,30.19970435593915]","[2.0,2.0,2.0,2.0]","[1.0142800948234068,1.0142800948234068,1.0142800948234068,1.0142800948234068]","[0.2,0.212,0.23,0.176]","[10.7015185485778,10.759147032500511,11.197357169250653,11.42561665852393]","[1.0,1.0,1.0,1.0]","[8.202264862454252,8.202264862454252,8.202264862454252,8.202264862454252]","[1104146469,-671860042,1567298702,1517228918]","[484.2107083780482,467.1427083780479,445.5747083780477,458.1607083780481]","[0.2,0.212,0.23,0.176]","[0.65,0.64,0.56,0.674]"
500,19613,681.01081493448,11.229449676203462,46.31414717151921,33.72292142609613,1.919599675813834,0.15127036300308008,1.4949154833142473,273.81615340492255,23.945100203284923,4,"[0.5668045081444661,0.5344995879911546,0.5168787224529847,0.5403732098372113]","[46.31414717151921,46.31414717151921,46.31414717151921,46.31414717151921]","[1.919599675813834,1.919599675813834,1.919599675813834,1.919599675813834]","[2.0,2.0,2.0,2.0]","[1.4949154833142473,1.4949154833142473,1.4949154833142473,1.4949154833142473]","[0.02496289284574074,0.030836514691797382,0.04552056930693899,0.04111535292239651]","[273.5444983945426,275.3256742193594,274.0878084153025,273.10838197247296]","[33.72292142609613,33.72292142609613,33.72292142609613,33.72292142609613]","[11.229449676203462,11.229449676203462,11.229449676203462,11.229449676203462]","[1803296759,-2140111225,-162842249,387415234]","[24.203495593970707,23.72760578319767,23.754638981653937,24.135561424915913]","[0.02496289284574074,0.030836514691797382,0.04552056930693899,0.04111535292239651]","[0.004405216384542483,0.004405216384542483,0.002936810923028322,0.005873621846056644]"
500,19613,932.8944262452637,3.2787716031409198,42.97064794774723,21.01388935516567,4.527905326094972,0.7654319963742384,3.740566244279549,207.09466600087575,17.768640566144263,1,"[0.5884910280894576]","[42.97064794774723]","[4.527905326094972]","[2.0]","[3.740566244279549]","[0.10397746762236319]","[207.09466600087575]","[21.01388935516567]","[3.2787716031409198]","[1099461327]","[17.768640566144263]","[0.10397746762236319]","[0.002143865311801303]"
500,19613,824.3143161093732,3.2760312732680372,50.0,47.78875906102057,1.0,0.7658455236178472,3.153185961004401,327.9332257913029,17.150436011971408,2,"[0.44521852020255953,0.4828255341706231]","[50.0,50.0]","[1.0,1.0]","[2.0,2.0]","[3.153185961004401,3.153185961004401]","[0.06793525103908266,0.07036151000476418]","[328.0824407176923,327.7840108649135]","[47.78875906102057,47.78875906102057]","[3.2760312732680372,3.2760312732680372]","[-1902165259,-960683650]","[17.944032454980583,16.35683956896223]","[0.06793525103908266,0.07036151000476418]","[0.0072787768970445695,0.006065647414203808]"
500,19613,663.0475579987145,10.454300832878618,36.99101943290351,7.4460007962053965,6.029371091412655,0.7244381125337046,3.2958001781716835,100.46293624870503,33.039699329746405,3,"[0.690749848144208,0.735995471385095,0.6590779118755871]","[36.99101943290351,36.99101943290351,36.99101943290351]","[6.029371091412655,6.029371091412655,6.029371091412655]","[2.0,2.0,2.0]","[3.2958001781716835,3.2958001781716835,3.2958001781716835]","[0.17947430552218505,0.11613043298494327,0.13573686972266097]","[100.49789923079366,98.77907038171571,100.46293624870503]","[7.4460007962053965,7.4460007962053965,7.4460007962053965]","[10.454300832878618,10.454300832878618,10.454300832878618]","[-337511091,-811790303,2055505774]","[30.54453858330689,40.69703655538407,33.039699329746405]","[0.17947430552218505,0.11613043298494327,0.13573686972266097]","[0.003016374882725799,0.010557312089540296,0.012065499530903197]"
500,19613,667.3399702610463,7.223230506937162,43.75774287732716,1.0,31.44447780187798,0.6765481764042885,2.794385006598143,20.455863312170187,119.80879047120881,1,"[0.6188749638935084]","[43.75774287732716]","[31.44447780187798]","[2.0]","[2.794385006598143]","[0.1198789276307038]","[20.455863312170187]","[1.0]","[7.223230506937162]","[-1516946914]","[119.80879047120881]","[0.1198789276307038]","[0.20679115016296407]"
500,19613,1000.0,3.207291600575947,49.75233422826564,18.984456912145927,1.0,0.1,2.874820144124208,183.8721368700715,19.14673379812467,3,"[0.658,0.654,0.665]","[49.75233422826564,49.75233422826564,49.75233422826564]","[1.0,1.0,1.0]","[2.0,2.0,2.0]","[2.874820144124208,2.874820144124208,2.874820144124208]","[0.041,0.049,0.025]","[183.0381368700716,184.4401368700717,183.8721368700715]","[18.984456912145927,18.984456912145927,18.984456912145927]","[3.207291600575947,3.207291600575947,3.207291600575947]","[-749897093,1346212789,-1521719995]","[19.961885017694936,19.14673379812467,18.715974730868655]","[0.041,0.049,0.025]","[0.003,0.001,0.003]"
500,19613,608.9866542704312,8.067086429493532,28.536957062329037,7.193010978401395,1.0,0.7415657768931356,3.1668759920466796,131.0170538094224,23.5944675262301,2,"[0.7898366846417023,0.8243201989399886]","[28.536957062329037,28.536957062329037]","[1.0,1.0]","[2.0,2.0]","[3.1668759920466796,3.1668759920466796]","[0.03448351429828638,0.02298900953219092]","[131.61946060981887,130.41464700902597]","[7.193010978401395,7.193010978401395]","[8.067086429493532,8.067086429493532]","[-1033859074,-550150062]","[23.45858720231618,23.73034785014402]","[0.03448351429828638,0.02298900953219092]","[0.004926216328326626,0.0032841442188844172]"
500,19613,1000.0,3.196036760096711,40.65515957058421,21.063949332323986,8.151315021604475,0.9,3.4300215419884967,202.9946142914682,19.015487951742028,1,"[0.59]","[40.65515957058421]","[8.151315021604475]","[2.0]","[3.4300215419884967]","[0.123]","[202.9946142914682]","[21.063949332323986]","[3.196036760096711]","[-1014353313]","[19.015487951742028]","[0.123]","[0.001]"
500,19613,804.5524115155066,10.473204980749033,19.89554751130726,40.84598569291511,363.7403819261004,0.28387554122302683,2.7921626613963375,42.72876301720362,305.8717041334432,4,"[0.0,0.0,0.0,0.0]","[19.89554751130726,19.89554751130726,19.89554751130726,19.89554751130726]","[363.7403819261004,363.7403819261004,363.7403819261004,363.7403819261004]","[2.0,2.0,2.0,2.0]","[2.7921626613963375,2.7921626613963375,2.7921626613963375,2.7921626613963375]","[0.0,0.0,0.0,0.0]","[42.5925522087952,42.742946388550465,42.71457964585678,42.83017186666043]","[40.84598569291511,40.84598569291511,40.84598569291511,40.84598569291511]","[10.473204980749033,10.473204980749033,10.473204980749033,10.473204980749033]","[-545561716,697086627,-2054782678,-1917930671]","[305.8921305363175,305.8512777305689,305.9880174954425,305.823867622685]","[0.0,0.0,0.0,0.0]","[0.9993133927540332,0.9993133927540332,0.9993133927540332,0.9993133927540332]"
500,19613,1000.0,7.001820777206459,24.879343013634358,2.189765783586979,364.9999999999998,0.5152429884742572,1.8278984618274583,13.166450937686731,337.5706744655957,4,"[0.0,0.0,0.0,0.0]","[24.879343013634358,24.879343013634358,24.879343013634358,24.879343013634358]","[364.9999999999998,364.9999999999998,364.9999999999998,364.9999999999998]","[2.0,2.0,2.0,2.0]","[1.8278984618274583,1.8278984618274583,1.8278984618274583,1.8278984618274583]","[0.0,0.0,0.0,0.0]","[12.98938885524091,13.328388855240911,13.004513020132551,13.38751302013255]","[2.189765783586979,2.189765783586979,2.189765783586979,2.189765783586979]","[7.001820777206459,7.001820777206459,7.001820777206459,7.001820777206459]","[-243605599,158508868,1933257046,-1232793094]","[337.3309531593549,337.8432951742413,337.55890010343205,337.5824488277593]","[0.0,0.0,0.0,0.0]","[1.0,1.0,1.0,1.0]"
500,19613,1000.0,1.0,49.99268070198887,1.0,1.0,0.9,2.845679990314378,24.921649742038614,49.367708378047844,1,"[0.884]","[49.99268070198887]","[1.0]","[2.0]","[2.845679990314378]","[0.052]","[24.921649742038614]","[1.0]","[1.0]","[2097600600]","[49.367708378047844]","[0.052]","[0.026]"
500,19613,954.5572824928938,1.0013325905513926,50.0,1.0,356.5757498591483,0.4842214777865015,3.645406474816821,13.31043219199563,316.91831788521404,2,"[0.0,0.0]","[50.0,50.0]","[356.5757498591483,356.5757498591483]","[2.0,2.0]","[3.645406474816821,3.645406474816821]","[0.0,0.0]","[13.198952048632394,13.421912335358867]","[1.0,1.0]","[1.0013325905513926,1.0013325905513926]","[-774418886,-61684226]","[317.0087103099891,316.8279254604389]","[0.0,0.0]","[0.9994161874796677,0.9994161874796677]"
500,19613,774.7144022509065,1.8164739227382303,49.378032348062945,18.599582169550377,10.172218653545492,0.25877837407251864,2.8331830273732788,161.3912374658014,23.110147580598287,2,"[0.6092567772441302,0.6053843824735108]","[49.378032348062945,49.378032348062945]","[10.172218653545492,10.172218653545492]","[2.0,2.0]","[2.8331830273732788,2.8331830273732788]","[0.12778902743044257,0.14327860651292046]","[161.33702393901285,161.44545099258994]","[18.599582169550377,18.599582169550377]","[1.8164739227382303,1.8164739227382303]","[-1195246595,-135499941]","[22.934453768112938,23.285841393083636]","[0.12778902743044257,0.14327860651292046]","[0.0,0.0025815965137463144]"
500,19613,524.392826035979,5.615462566248781,50.0,18.984381454806236,2.105037464517743,0.16591887974390968,2.891432326040592,180.33130169137246,19.10511296809614,1,"[0.6693455413059323]","[50.0]","[2.105037464517743]","[2.0]","[2.891432326040592]","[0.04576721649955093]","[180.33130169137246]","[18.984381454806236]","[5.615462566248781]","[250182808]","[19.10511296809614]","[0.04576721649955093]","[0.007627869416591822]"
500,19613,790.2056508431974,11.843570359955478,40.40137566217121,48.055264475258966,355.5516538661621,0.2245646239986993,1.0028713334643744,55.97946955269579,284.29924188731127,4,"[0.0,0.0,0.0,0.0]","[40.40137566217121,40.40137566217121,40.40137566217121,40.40137566217121]","[355.5516538661621,355.5516538661621,355.5516538661621,355.5516538661621]","[2.0,2.0,2.0,2.0]","[1.0028713334643744,1.0028713334643744,1.0028713334643744,1.0028713334643744]","[0.0,0.0,0.0,0.0]","[55.895208728479226,55.874379669808036,56.06373037691235,56.07761074740808]","[48.055264475258966,48.055264475258966,48.055264475258966,48.055264475258966]","[11.843570359955478,11.843570359955478,11.843570359955478,11.843570359955478]","[9106529,-1417808973,-928355809,1454162740]","[284.88353831275367,284.3503107223449,284.24817305227765,283.85929930071563]","[0.0,0.0,0.0,0.0]","[0.9997397502245422,0.9997397502245422,0.9997397502245422,0.9997397502245422]"
500,19613,663.0474574364297,10.454300832878616,36.991021792870995,7.4460007962053965,6.029371091412655,0.7244382290440133,3.2958002339022254,100.60639823345916,31.352289539482108,5,"[0.6862253898977112,0.6937663282482355,0.6997990789286549,0.6862253898977112,0.7405201460214861]","[36.991021792870995,36.991021792870995,36.991021792870995,36.991021792870995,36.991021792870995]","[6.029371091412655,6.029371091412655,6.029371091412655,6.029371091412655,6.029371091412655]","[2.0,2.0,2.0,2.0,2.0]","[3.2958002339022254,3.2958002339022254,3.2958002339022254,3.2958002339022254,3.2958002339022254]","[0.15986789303111512,0.1462942040001714,0.10708132457744504,0.15986789303111512,0.11914682593828392]","[101.13862339465295,100.95122607606942,100.30595316315794,100.60639823345916,99.13399117811511]","[7.4460007962053965,7.4460007962053965,7.4460007962053965,7.4460007962053965,7.4460007962053965]","[10.454300832878616,10.454300832878616,10.454300832878616,10.454300832878616,10.454300832878616]","[-1567988761,-1260062677,-521525799,-1758006012,-1931305587]","[29.686683917746798,27.71795488976866,35.84920945641047,31.352289539482108,39.26167831242183]","[0.15986789303111512,0.1462942040001714,0.10708132457744504,0.15986789303111512,0.11914682593828392]","[0.006032750680419439,0.0075409383505242985,0.010557313690734017,0.013573689030943737,0.012065501360838877]"
500,19613,895.8675924489951,1.0,50.0,16.798493442189308,365.0,0.49090840089718124,3.588596498148065,28.278257649259572,293.2732796923204,3,"[0.0,0.0,0.0]","[50.0,50.0,50.0]","[365.0,365.0,365.0]","[2.0,2.0,2.0]","[3.588596498148065,3.588596498148065,3.588596498148065]","[0.0,0.0,0.0]","[28.345216680237463,28.278257649259572,28.236956903131613]","[16.798493442189308,16.798493442189308,16.798493442189308]","[1.0,1.0,1.0]","[-1298760824,-1828185679,-2134399099]","[293.2464900191563,293.2732796923204,293.3144352282565]","[0.0,0.0,0.0]","[0.9990315617438249,0.9990315617438249,0.9990315617438249]"
500,19613,981.2836783834298,9.56706181901162,43.487038713011124,14.262523596100385,1.0,0.5148751139880127,2.7943845472636677,163.18075080309814,21.77901051626531,2,"[0.7388281451846499,0.7164085325031847]","[43.487038713011124,43.487038713011124]","[1.0,1.0]","[2.0,2.0]","[2.7943845472636677,2.7943845472636677]","[0.023438685985168205,0.03464849232590082]","[162.5592736314632,163.80222797473309]","[14.262523596100385,14.262523596100385]","[9.56706181901162,9.56706181901162]","[-1560841265,1711246144]","[21.300933510738453,22.25708752179216]","[0.023438685985168205,0.03464849232590082]","[0.005095366518514827,0.004076293214811862]"
500,19613,622.5431248313811,6.565873465290955,38.10434093393924,3.704515810453809,365.0,0.3997060342280422,2.0547475024172512,11.452030474103605,320.5506816218702,2,"[0.0,0.0]","[38.10434093393924,38.10434093393924]","[365.0,365.0]","[2.0,2.0]","[2.0547475024172512,2.0547475024172512]","[0.0,0.0]","[11.563576315509485,11.340484632697725]","[3.704515810453809,3.704515810453809]","[6.565873465290955,6.565873465290955]","[-328843493,-1959197958]","[320.85206773828327,320.2492955054571]","[0.0,0.0]","[0.9991275707501739,0.9991275707501739]"
500,19613,971.56709955782,1.3420389611744308,31.600497134300646,11.46995904297081,360.5662933196253,0.1939469555435137,3.188340397896063,15.258446409241818,324.32803707973625,5,"[0.0,0.0,0.0,0.0,0.0]","[31.600497134300646,31.600497134300646,31.600497134300646,31.600497134300646,31.600497134300646]","[360.5662933196253,360.5662933196253,360.5662933196253,360.5662933196253,360.5662933196253]","[2.0,2.0,2.0,2.0,2.0]","[3.188340397896063,3.188340397896063,3.188340397896063,3.188340397896063,3.188340397896063]","[0.0,0.0,0.0,0.0,0.0]","[15.22448066460615,15.240269223779665,15.356265550105773,15.263942318525737,15.258446409241818]","[11.46995904297081,11.46995904297081,11.46995904297081,11.46995904297081,11.46995904297081]","[1.3420389611744308,1.3420389611744308,1.3420389611744308,1.3420389611744308,1.3420389611744308]","[7427893,156603662,1829025301,-101742941,293211229]","[324.3012761900233,324.4247879886985,324.32803707973625,324.5121741689665,324.2817201552331]","[0.0,0.0,0.0,0.0,0.0]","[0.9994163042798813,0.9994163042798813,0.9994163042798813,0.9994163042798813,0.9994163042798813]"
500,19613,504.37738203272784,11.842255882885787,42.58978714966677,1.4620483523362255,322.19194802497606,0.7277669761967206,2.043636907050428,12.474803020984703,362.022111521647,5,"[0.0,0.0,0.0,0.0,0.0]","[42.58978714966677,42.58978714966677,42.58978714966677,42.58978714966677,42.58978714966677]","[322.19194802497606,322.19194802497606,322.19194802497606,322.19194802497606,322.19194802497606]","[2.0,2.0,2.0,2.0,2.0]","[2.043636907050428,2.043636907050428,2.043636907050428,2.043636907050428,2.043636907050428]","[0.0,0.0,0.0,0.0,0.0]","[12.387510552112714,12.474803020984703,12.304239569915348,12.570302837775296,12.542489641901417]","[1.4620483523362255,1.4620483523362255,1.4620483523362255,1.4620483523362255,1.4620483523362255]","[11.842255882885787,11.842255882885787,11.842255882885787,11.842255882885787,11.842255882885787]","[-1908557759,-2074846729,-1448111377,1758200515,-2018382269]","[361.83177784805304,362.022111521647,362.25804597120623,362.5667273958255,361.82953333536875]","[0.0,0.0,0.0,0.0,0.0]","[0.9992517863683599,0.9992517863683599,0.9992517863683599,0.9992517863683599,0.9992517863683599]"
500,19613,708.1708039361267,7.164740032366209,21.69585608686239,6.662077517420557,237.26495636532636,0.7133638984486516,1.2169466368039834,11.215788542991762,460.17814387452785,3,"[0.0,0.0,0.0]","[21.69585608686239,21.69585608686239,21.69585608686239]","[237.26495636532636,237.26495636532636,237.26495636532636]","[2.0,2.0,2.0]","[1.2169466368039834,1.2169466368039834,1.2169466368039834]","[0.0,0.0,0.0]","[11.15873794521338,11.823747184924114,11.215788542991762]","[6.662077517420557,6.662077517420557,6.662077517420557]","[7.164740032366209,7.164740032366209,7.164740032366209]","[1437368545,-1274197741,1341577463]","[460.15985805801813,460.71233674458927,460.17814387452785]","[0.0,0.0,0.0]","[0.9997588096894459,0.9997588096894459,0.9997588096894459]"
500,19613,756.9936206683105,8.754116803067298,29.81957347416582,1.0,1.0,0.1,4.0,40.87881547108369,28.906112797189117,2,"[0.8480916912261577,0.8573387968937327]","[29.81957347416582,29.81957347416582]","[1.0,1.0]","[2.0,2.0]","[4.0,4.0]","[0.062087709482288804,0.06869278495912805]","[41.77242222337061,39.98520871879677]","[1.0,1.0]","[8.754116803067298,8.754116803067298]","[807376813,986842499]","[28.623131975541785,29.18909361883645]","[0.062087709482288804,0.06869278495912805]","[0.02113624152588555,0.017173196239782012]"
500,19613,981.2836783834298,9.56706156211304,43.487038713011124,14.262523596100388,1.0,0.5148751139880127,2.7943845472636677,162.9261369999632,22.390081399860364,2,"[0.7001033596439372,0.7164085325031847]","[43.487038713011124,43.487038713011124]","[1.0,1.0]","[2.0,2.0]","[2.7943845472636677,2.7943845472636677]","[0.040762932148118616,0.040762932148118616]","[163.43100413036083,162.42126986956558]","[14.262523596100388,14.262523596100388]","[9.56706156211304,9.56706156211304]","[-1942058001,1281487231]","[22.68195820495828,22.09820459476245]","[0.040762932148118616,0.040762932148118616]","[0.002038146607405931,0.002038146607405931]"
500,19613,732.6056143982565,10.03168619737122,32.87533633760385,3.035663890670788,1.0,0.5373668294531503,4.0,63.62320356595748,24.964815213675017,2,"[0.8722291877668154,0.8613092605334279]","[32.87533633760385,32.87533633760385]","[1.0,1.0]","[2.0,2.0]","[4.0,4.0]","[0.04504469983772286,0.04504469983772286]","[63.8300225177852,63.41638461412976]","[3.035663890670788,3.035663890670788]","[10.03168619737122,10.03168619737122]","[-874703528,1207354527]","[25.49291314630756,24.43671728104247]","[0.04504469983772286,0.04504469983772286]","[0.01228491813756078,0.008189945425040519]"
500,19613,891.1883739653222,9.030897759215854,28.134504789282445,14.602223004817738,365.0,0.1,1.0928063245020818,17.422473966756176,320.86156008241863,3,"[0.0,0.0,0.0]","[28.134504789282445,28.134504789282445,28.134504789282445]","[365.0,365.0,365.0]","[2.0,2.0,2.0]","[1.0928063245020818,1.0928063245020818,1.0928063245020818]","[0.0,0.0,0.0]","[17.422473966756176,17.371979591700793,17.477821323803937]","[14.602223004817738,14.602223004817738,14.602223004817738]","[9.030897759215854,9.030897759215854,9.030897759215854]","[1501033286,1336336786,243302970]","[320.86156008241863,320.8601636558147,321.2665186767474]","[0.0,0.0,0.0]","[0.9997886260965412,0.9997886260965412,0.9997886260965412]"
500,19613,895.8665907455248,4.7209566411137365,30.87824464178964,45.31139749438141,352.6028710854824,0.4887409226889793,1.8488875795848574,48.61636553213278,299.49441994987166,5,"[0.0,0.0,0.0,0.0,0.0]","[30.87824464178964,30.87824464178964,30.87824464178964,30.87824464178964,30.87824464178964]","[352.6028710854824,352.6028710854824,352.6028710854824,352.6028710854824,352.6028710854824]","[2.0,2.0,2.0,2.0,2.0]","[1.8488875795848574,1.8488875795848574,1.8488875795848574,1.8488875795848574,1.8488875795848574]","[0.0,0.0,0.0,0.0,0.0]","[48.576539440327,48.50882661563403,48.61636553213278,48.62118894552475,48.65563132947049]","[45.31139749438141,45.31139749438141,45.31139749438141,45.31139749438141,45.31139749438141]","[4.7209566411137365,4.7209566411137365,4.7209566411137365,4.7209566411137365,4.7209566411137365]","[-190068388,1890329190,1486280568,549404515,468385437]","[299.49441994987166,299.5836112147403,299.53367769103613,299.4740305028893,299.44865420704394]","[0.0,0.0,0.0,0.0,0.0]","[0.9990326788000837,0.9990326788000837,0.9990326788000837,0.9990326788000837,0.9990326788000837]"
500,19613,931.7692948047372,6.2679150138823925,35.830090253821936,2.1728598910564454,1.0,0.8618316803173472,4.0,47.86778242694213,23.667463775822565,1,"[0.878972943803252]","[35.830090253821936]","[1.0]","[2.0]","[4.0]","[0.03327003816593506]","[47.86778242694213]","[2.1728598910564454]","[6.2679150138823925]","[238567478]","[23.667463775822565]","[0.03327003816593506]","[0.004292908150443233]"
500,19613,764.4819810197134,1.0,17.31055284396062,1.0,113.98764502037508,0.46501542859525624,1.1315859564255892,9.611041974734418,322.48513910124746,1,"[0.1386559822621465]","[17.31055284396062]","[113.98764502037508]","[2.0]","[1.1315859564255892]","[0.24199393130657643]","[9.611041974734418]","[1.0]","[1.0]","[-714004336]","[322.48513910124746]","[0.24199393130657643]","[0.6082550165273407]"
500,19613,762.9401891663513,1.979207471867417,50.0,9.452586164528618,365.0,0.2424609693146461,4.0,20.643580944654452,301.62729995140296,2,"[0.0,0.0]","[50.0,50.0]","[365.0,365.0]","[2.0,2.0]","[4.0,4.0]","[0.0,0.0]","[20.770199683339904,20.516962205969]","[9.452586164528618,9.452586164528618]","[1.979207471867417,1.979207471867417]","[1630804359,-67887309]","[300.58958443924047,302.66501546356545]","[0.0,0.0]","[0.998767676444757,0.998767676444757]"
500,19613,758.0119739243873,8.253569679812943,49.99999999999999,4.928800137921112,364.8143902467628,0.22203485690824035,2.9218744622887707,16.891668380040716,310.65148660886445,2,"[0.0,0.0]","[49.99999999999999,49.99999999999999]","[364.8143902467628,364.8143902467628]","[2.0,2.0]","[2.9218744622887707,2.9218744622887707]","[0.0,0.0]","[16.959609259303313,16.82372750077812]","[4.928800137921112,4.928800137921112]","[8.253569679812943,8.253569679812943]","[1246161959,1549220991]","[310.675287077527,310.6276861402019]","[0.0,0.0]","[0.9999842035155126,0.9999842035155126]"
500,19613,936.007062680824,6.155229674555967,42.75421995182956,37.74688614593437,1.0,0.17010218542401212,3.168665684051893,309.9813726575911,17.27236697373474,3,"[0.5149533793254728,0.5085431712840769,0.528842163415164]","[42.75421995182956,42.75421995182956,42.75421995182956]","[1.0,1.0,1.0]","[2.0,2.0,2.0]","[3.168665684051893,3.168665684051893,3.168665684051893]","[0.029914304193180995,0.029914304193180995,0.036324512234576924]","[309.66007970334476,309.9813726575911,310.6985342815551]","[37.74688614593437,37.74688614593437,37.74688614593437]","[6.155229674555967,6.155229674555967,6.155229674555967]","[-1431421803,-180705480,1573538063]","[17.308832860658335,17.234311106371486,17.27236697373474]","[0.029914304193180995,0.029914304193180995,0.036324512234576924]","[0.0021367360137986425,0.0010683680068993213,0.0]"
500,19613,931.8361594658734,1.9841944813619086,47.312952408591926,41.75004740133809,11.611774185818243,0.3736488167610291,2.721055650130386,281.63034396435967,20.387160946247555,6,"[0.3455543088009911,0.32516445828167795,0.3423348587189943,0.2908236574070453,0.37238305948429784,0.3444811587736588]","[47.312952408591926,47.312952408591926,47.312952408591926,47.312952408591926,47.312952408591926,47.312952408591926]","[11.611774185818243,11.611774185818243,11.611774185818243,11.611774185818243,11.611774185818243,11.611774185818243]","[2.0,2.0,2.0,2.0,2.0,2.0]","[2.721055650130386,2.721055650130386,2.721055650130386,2.721055650130386,2.721055650130386,2.721055650130386]","[0.18780125478314735,0.17599660448249235,0.18887440481047962,0.19960590508380233,0.17170400437316327,0.16097250409984057]","[282.1336513271793,282.0553113751832,282.39335363379377,280.80723789339635,281.2053765535361,280.6537774394878]","[41.75004740133809,41.75004740133809,41.75004740133809,41.75004740133809,41.75004740133809,41.75004740133809]","[1.9841944813619086,1.9841944813619086,1.9841944813619086,1.9841944813619086,1.9841944813619086,1.9841944813619086]","[2143667339,-1818888816,1385146657,-1473527396,1189541389,-1420604701]","[19.5997780729542,19.999317052341677,18.54856700044507,21.749692219771283,20.77500484015343,20.902669216928395]","[0.18780125478314735,0.17599660448249235,0.18887440481047962,0.19960590508380233,0.17170400437316327,0.16097250409984057]","[0.004292600109329082,0.006438900163993623,0.010731500273322704,0.010731500273322704,0.0010731500273322705,0.005365750136661352]"
500,19613,504.37738203272784,11.842257465370752,42.589790098950225,1.4620483523362255,322.191948024976,0.7277669761967207,2.043636907050428,12.308594036583584,361.49768776600126,3,"[0.0,0.0,0.0]","[42.589790098950225,42.589790098950225,42.589790098950225]","[322.191948024976,322.191948024976,322.191948024976]","[2.0,2.0,2.0]","[2.043636907050428,2.043636907050428,2.043636907050428]","[0.0,0.0,0.0]","[12.445972780386272,12.304467300055864,12.308594036583584]","[1.4620483523362255,1.4620483523362255,1.4620483523362255]","[11.842257465370752,11.842257465370752,11.842257465370752]","[-680177545,904515585,-2086898967]","[361.46733733453135,361.49768776600126,362.34031080014125]","[0.0,0.0,0.0]","[0.9992517863683599,0.9992517863683599,0.9992517863683599]"
500,19613,500.0,1.0,45.75938155700159,1.0,365.0,0.1,3.6619685182642634,13.808091442889618,312.5929986951605,2,"[0.0,0.0]","[45.75938155700159,45.75938155700159]","[365.0,365.0]","[2.0,2.0]","[3.6619685182642634,3.6619685182642634]","[0.0,0.0]","[13.854201340916008,13.761981544863227]","[1.0,1.0]","[1.0,1.0]","[1893633353,1795342808]","[312.55762796408754,312.6283694262334]","[0.0,0.0]","[1.0,1.0]"
500,19613,681.0108149344801,11.229449676203462,46.31414717151921,33.72292142609612,1.9118574442180891,0.15127033627759215,1.4949167142857935,273.78605109296143,24.225727501264373,4,"[0.5344995879911545,0.5550572644523528,0.5521204535293245,0.5330311825296403]","[46.31414717151921,46.31414717151921,46.31414717151921,46.31414717151921]","[1.9118574442180891,1.9118574442180891,1.9118574442180891,1.9118574442180891]","[2.0,2.0,2.0,2.0]","[1.4949167142857935,1.4949167142857935,1.4949167142857935,1.4949167142857935]","[0.0411153529223965,0.0484573802299673,0.0484573802299673,0.055799407537538113]","[274.8396320115976,273.8513951359989,273.7030861843861,273.720707049924]","[33.72292142609612,33.72292142609612,33.72292142609612,33.72292142609612]","[11.229449676203462,11.229449676203462,11.229449676203462,11.229449676203462]","[1117336805,-23716127,1681335627,1623222470]","[24.076350273836265,24.137924633326215,24.313530369202535,24.546681365519007]","[0.0411153529223965,0.0484573802299673,0.0484573802299673,0.055799407537538113]","[0.008810432769084964,0.008810432769084964,0.0029368109230283215,0.005873621846056643]"
500,19613,824.3143161093732,3.274211347001597,42.37362181271182,43.83953826692221,1.0,0.7658435245198271,3.7859694980567173,339.56207522263134,16.056227303711694,1,"[0.39062769347472526]","[42.37362181271182]","[1.0]","[2.0]","[3.7859694980567173]","[0.08491906379885332]","[339.56207522263134]","[43.83953826692221]","[3.274211347001597]","[-1624410338]","[16.056227303711694]","[0.08491906379885332]","[0.0]"
500,19613,865.0992757713691,1.971581231497179,48.98193664430802,4.946741728689432,38.16642319702157,0.5968415463246313,2.2341708340268505,40.74640075842652,49.312122866574995,3,"[0.4785577928392731,0.5190155772580521,0.4935849699091053]","[48.98193664430802,48.98193664430802,48.98193664430802]","[38.16642319702157,38.16642319702157,38.16642319702157]","[2.0,2.0,2.0]","[2.2341708340268505,2.2341708340268505,2.2341708340268505]","[0.3964862873040354,0.34678100930382105,0.3282860221409506]","[40.12687474519621,40.74640075842652,40.79861073393895]","[4.946741728689432,4.946741728689432,4.946741728689432]","[1.971581231497179,1.971581231497179,1.971581231497179]","[978144576,-578918576,-473824337]","[52.17124802308724,49.312122866574995,48.665903060350175]","[0.3964862873040354,0.34678100930382105,0.3282860221409506]","[0.10403430279114631,0.10519023948882572,0.07975963213987884]"
500,19613,694.2136034882185,10.526754166035424,36.99102179287099,12.363553209629504,1.0,0.7244382612718202,3.3058482561828457,162.92794703358894,22.389593327770065,2,"[0.605001109009711,0.6366916432911721]","[36.99102179287099,36.99102179287099]","[1.0,1.0]","[2.0,2.0]","[3.3058482561828457,3.3058482561828457]","[0.18726224802681532,0.1656550655621828]","[162.9855452829162,162.87034878426167]","[12.363553209629504,12.363553209629504]","[10.526754166035424,10.526754166035424]","[-982979236,128860326]","[23.5127378279287,21.266448827611427]","[0.18726224802681532,0.1656550655621828]","[0.0014404788309755024,0.0]"
