evolution$generation,evolution$evaluated,popInit,infectionRadiusI,distRandomWalk,angleRotatRandomWalk,objective$integraleInfected,objective$integraleExposed,evolution$samples,propExposed,teG,trG,infectionRadiusI,propRecovered,integraleInfected,density,tiG,propInfecte,mySeed,integraleExposed,propInfected,propSuseptible
300,23070,605.175532262645,1.0697010674205216,4.488669634072972,13.46801644514876,9.14545784189027,408.1453716190584,2,"[0.0,0.0]","[3.0,3.0]","[365.0,365.0]","[1.0697010674205216,1.0697010674205216]","[0.17515579257423813,0.15863166119931]","[9.739666194587977,8.551249489192564]","[0.5557167422062855,0.5557167422062855]","[7.0,7.0]","[1.0,1.0]","[-2108670505,-481082431]","[402.1041491883847,414.18659404973204]","[0.17515579257423813,0.15863166119931]","[0.8245541556089134,0.8410782869838416]"
300,23070,1423.8519537528728,2.745586679295111,1.6378934476462614,124.09507194990256,39.26740280050166,15.521118519867803,9,"[0.036520650804279645,0.034413690180955823,0.03090208914208278,0.028795128518758952,0.026688167895435128,0.033009049765406605,0.034413690180955823,0.023176566856562084,0.02949744872653356]","[3.0,3.0,3.0,3.0,3.0,3.0,3.0,3.0,3.0]","[365.0,365.0,365.0,365.0,365.0,365.0,365.0,365.0,365.0]","[2.745586679295111,2.745586679295111,2.745586679295111,2.745586679295111,2.745586679295111,2.745586679295111,2.745586679295111,2.745586679295111,2.745586679295111]","[0.8863281022115561,0.9052907478214705,0.9010768265748228,0.9010768265748228,0.9158255509380896,0.8982675457437244,0.8877327426271053,0.9031837871981466,0.9010768265748228]","[39.8284902839866,38.71928989525937,38.946293839412725,36.26616737058196,36.090984863786026,39.26740280050166,41.37757188168625,40.61500665308519,40.032628683797896]","[1.3074857242909759,1.3074857242909759,1.3074857242909759,1.3074857242909759,1.3074857242909759,1.3074857242909759,1.3074857242909759,1.3074857242909759,1.3074857242909759]","[7.0,7.0,7.0,7.0,7.0,7.0,7.0,7.0,7.0]","[1.0,1.0,1.0,1.0,1.0,1.0,1.0,1.0,1.0]","[1008891605,-834589422,1730597530,-536731211,1991586595,-153609676,-444109545,-1685403383,-215429581]","[16.51148512591092,15.521118519867803,15.368595044604135,17.01810201150003,15.351988733943072,15.174710247501212,15.777503821886029,15.377113684216447,15.882118013351047]","[0.8863281022115561,0.9052907478214705,0.9010768265748228,0.9010768265748228,0.9158255509380896,0.8982675457437244,0.8877327426271053,0.9031837871981466,0.9010768265748228]","[0.011939443532168347,0.009130162701069911,0.016153364778815998,0.01053480311661913,0.005618561662196869,0.011939443532168347,0.009130162701069911,0.00983248290884452,0.005618561662196869]"
300,23070,1500.0,4.773278089512718,4.947973184065843,140.75893530578512,36.73152018761454,10.949214196304762,1,"[0.034666666666666665]","[3.0]","[365.0]","[4.773278089512718]","[0.9193333333333333]","[36.73152018761454]","[1.3774104683195592]","[7.0]","[1.0]","[-1676728991]","[10.949214196304762]","[0.9193333333333333]","[0.0033333333333333335]"
300,23070,721.5937457341569,1.583600280247147,1.4491390146241854,1.0,11.13400944692043,324.2179884741869,2,"[0.0,0.0]","[3.0,3.0]","[365.0,365.0]","[1.583600280247147,1.583600280247147]","[0.14273959635723665,0.6374778089740666]","[11.10619466346312,11.161824230377741]","[0.6626205194987667,0.6626205194987667]","[7.0,7.0]","[1.0,1.0]","[-728812642,-1804340032]","[411.14688375302745,237.2890931953463]","[0.14273959635723665,0.6374778089740666]","[0.8564375781434198,0.36169936552658993]"
300,23070,729.6347297298087,1.056765515068877,2.1698842242030776,81.7570305198389,10.580475303605466,383.6479688520876,1,"[0.0]","[3.0]","[365.0]","[1.056765515068877]","[0.16446585546227666]","[10.580475303605466]","[0.6700043431862338]","[7.0]","[1.0]","[-622658416]","[383.6479688520876]","[0.16446585546227666]","[0.834664216471054]"
300,23070,686.4839721655487,1.1697465372081763,1.8542238118982857,74.02710035298917,12.785532447882716,299.1278531125271,2,"[0.011653585989434818,0.0]","[3.0,3.0]","[365.0,365.0]","[1.1697465372081763,1.1697465372081763]","[0.7574830893132631,0.14129973012189717]","[12.91436236613172,12.65670252963371]","[0.6303801397296132,0.6303801397296132]","[7.0,7.0]","[1.0,1.0]","[1540466063,629786403]","[187.9807837642581,410.274922460796]","[0.7574830893132631,0.14129973012189717]","[0.1981109618203919,0.8579952684721385]"
300,23070,1066.2525049606622,1.0628910930214097,4.237636608349147,2.4139121360795435,11.116345446506623,280.93913231092307,1,"[0.0037514566028124586]","[3.0]","[365.0]","[1.0628910930214097]","[0.4867514942149165]","[11.116345446506623]","[0.9791115748031792]","[7.0]","[1.0]","[-457036779]","[280.93913231092307]","[0.4867514942149165]","[0.5026951847768695]"
300,23070,1216.4995492066532,1.016900325728006,1.5006419528428956,51.38706321553327,16.502895665764793,178.07290263956747,2,"[0.011508430076386116,0.023838890872514097]","[3.0,3.0]","[365.0,365.0]","[1.016900325728006,1.016900325728006]","[0.7053023575385206,0.7414717092071627]","[16.6136154508298,16.392175880699785]","[1.1170794758555127,1.1170794758555127]","[7.0,7.0]","[1.0,1.0]","[-1892762727,1890474747]","[162.91056304043462,193.2352422387003]","[0.7053023575385206,0.7414717092071627]","[0.2589396767186876,0.19399924985908024]"
300,23070,981.6980684406776,1.4376923906690973,2.7837175786883313,5.756940853074816,19.959792365697517,186.22680656152755,4,"[0.0,0.016298290191621025,0.026484721561384164,0.022410149013478906]","[3.0,3.0,3.0,3.0]","[365.0,365.0,365.0,365.0]","[1.4376923906690973,1.4376923906690973,1.4376923906690973,1.4376923906690973]","[0.13547953721784975,0.7252739135271355,0.7599077801843303,0.7843552154717618]","[15.084273164893132,18.76563140302412,22.880296436854362,21.153953328370918]","[0.9014674641328536,0.9014674641328536,0.9014674641328536,0.9014674641328536]","[7.0,7.0,7.0,7.0]","[1.0,1.0,1.0,1.0]","[-555548079,-1066396981,-1473973816,-1615388438]","[395.6709316993379,183.38154886442825,133.5464509382718,189.07206425862682]","[0.13547953721784975,0.7252739135271355,0.7599077801843303,0.7843552154717618]","[0.8638093801559142,0.23530656464152852,0.17011340387504442,0.1385354666287787]"
300,23070,586.3686283265928,1.063841799618178,4.02903567661992,333.32833992233816,22.982951051277883,115.14867230830446,3,"[0.025581177565395557,0.0,0.023875765727702516]","[3.0,3.0,3.0]","[365.0,365.0,365.0]","[1.063841799618178,1.063841799618178,1.063841799618178]","[0.7861948571764901,0.15348706539237333,0.7793732098257179]","[24.731334849350475,15.57341787760882,22.982951051277883]","[0.5384468579674865,0.5384468579674865,0.5384468579674865]","[7.0,7.0,7.0]","[1.0,1.0,1.0]","[542765801,-56504329,330621624]","[115.14867230830446,405.6222290122918,114.51859707096597]","[0.7861948571764901,0.15348706539237333,0.7793732098257179]","[0.1517816535546803,0.8458842714957464,0.16201412458083853]"
300,23070,821.9482194480062,1.0,1.0,360.0,19.103167194323607,144.9707370781396,1,"[0.01703270311772431]","[3.0]","[365.0]","[1.0]","[0.7640383969950619]","[19.103167194323607]","[0.7547733879228706]","[7.0]","[1.0]","[-1989465086]","[144.9707370781396]","[0.7640383969950619]","[0.18492649099243536]"
300,23070,729.6347409990404,1.0571593026091244,2.170788355888916,81.80220624774176,15.755579112516816,160.72771942683733,1,"[0.010964390194806418]","[3.0]","[365.0]","[1.0571593026091244]","[0.7647662160877478]","[15.755579112516816]","[0.6700043535344724]","[7.0]","[1.0]","[-2073546522]","[160.72771942683733]","[0.7647662160877478]","[0.21106451125002357]"
300,23070,786.6570751223811,1.398906078849294,1.0,275.71612980375807,24.048295524514856,102.23258987993692,2,"[0.02415283685975131,0.01271201939986911]","[3.0,3.0]","[365.0,365.0]","[1.398906078849294,1.398906078849294]","[0.8351796745714005,0.8148404435316099]","[24.68903499496699,23.407556054062727]","[0.7223664601674757,0.7223664601674757]","[7.0,7.0]","[1.0,1.0]","[579207338,1704818739]","[97.74641742425236,106.71876233562149]","[0.8351796745714005,0.8148404435316099]","[0.0927977416190445,0.13093379981865183]"
300,23070,838.5570117180578,1.429757776742838,1.0,106.83169138204696,15.719863808065218,184.03282659827943,3,"[0.02027292093732536,0.021465445698344496,0.0]","[3.0,3.0,3.0]","[365.0,365.0,365.0]","[1.429757776742838,1.429757776742838,1.429757776742838]","[0.7167073813725025,0.7966065403607847,0.14310297132229666]","[15.719863808065218,21.404968681698527,13.774385277766706]","[0.7700248041488134,0.7700248041488134,0.7700248041488134]","[7.0,7.0,7.0]","[1.0,1.0,1.0]","[810849535,-1461796776,547499897]","[184.03282659827943,158.8037711305191,412.88404071889676]","[0.7167073813725025,0.7966065403607847,0.14310297132229666]","[0.206306783656311,0.1538356941714689,0.8562327784117416]"
300,23070,1209.3129734767183,1.2122139078453884,1.0597596815761379,92.17248443836942,18.992573362606613,149.69072455834967,3,"[0.0198459791024991,0.0,0.0264613054699988]","[3.0,3.0,3.0]","[365.0,365.0,365.0]","[1.2122139078453884,1.2122139078453884,1.2122139078453884]","[0.7872238377324643,0.16455624339155503,0.7591087006705906]","[18.992573362606613,13.827032876588214,21.77742306012054]","[1.1104802327609902,1.1104802327609902,1.1104802327609902]","[7.0,7.0,7.0]","[1.0,1.0,1.0]","[-370205867,245800301,783869544]","[149.69072455834967,395.87002324976834,137.90341983100276]","[0.7872238377324643,0.16455624339155503,0.7591087006705906]","[0.15628708543218042,0.8351849538968371,0.17695998033061697]"
300,23070,729.7045974717946,1.057063929891923,2.170101664937129,81.78783959657598,17.573368345835743,158.69355162251088,3,"[0.026037933796538,0.0,0.02466751622829916]","[3.0,3.0,3.0]","[365.0,365.0,365.0]","[1.057063929891923,1.057063929891923,1.057063929891923]","[0.7331733990077806,0.1493755149380338,0.7934717720102896]","[19.559160545419598,11.345662318448214,17.573368345835743]","[0.6700685008923734,0.6700685008923734,0.6700685008923734]","[7.0,7.0,7.0]","[1.0,1.0,1.0]","[-1801046480,-1690413014,676031842]","[157.6568317431963,408.87947962097786,158.69355162251088]","[0.7331733990077806,0.1493755149380338,0.7934717720102896]","[0.18089511900752717,0.8496588923080822,0.13156008655092885]"
300,23070,981.6981780498633,1.4376927887470494,2.7837175786883313,5.756871634201797,22.67611577336536,133.49727807358914,2,"[0.02546607558105316,0.037689791859958674]","[3.0,3.0]","[365.0,365.0]","[1.4376927887470494,1.4376927887470494]","[0.7823178418499531,0.7843551278964374]","[21.889548519119657,23.462683027611064]","[0.9014675647840801,0.9014675647840801]","[7.0,7.0]","[1.0,1.0]","[-1704395600,-1316054567]","[132.99382621489994,134.00072993227838]","[0.7823178418499531,0.7843551278964374]","[0.15585238255604533,0.09982701627772839]"
300,23070,593.3644943415493,1.0639256270876936,4.154061237846471,333.32833992233816,21.688701166866565,121.72698243019603,1,"[0.010111828491959468]","[3.0]","[365.0]","[1.0639256270876936]","[0.8359111553353159]","[21.688701166866565]","[0.5448709773567946]","[7.0]","[1.0]","[773978299]","[121.72698243019603]","[0.8359111553353159]","[0.12471255140083343]"
300,23070,586.3686283265928,1.063841862927281,4.029035305574627,333.3283399223382,22.70118935070536,119.00212479226089,1,"[0.02899200124078163]","[3.0]","[365.0]","[1.063841862927281]","[0.8015435637157274]","[22.70118935070536]","[0.5384468579674865]","[7.0]","[1.0]","[1782415048]","[119.00212479226089]","[0.8015435637157274]","[0.13131671150236385]"
300,23070,992.3921538861975,1.1133481305811905,2.4601836290179024,217.62485084033932,27.978718072413304,76.63243656764224,3,"[0.033252983581916015,0.0,0.018137991044681463]","[3.0,3.0,3.0]","[365.0,365.0,365.0]","[1.1133481305811905,1.1133481305811905,1.1133481305811905]","[0.8293092572096025,0.15014225920319657,0.8555085776074757]","[28.2886454420692,18.04085591045755,27.978718072413304]","[0.9112875609606956,0.9112875609606956,0.9112875609606956]","[7.0,7.0,7.0]","[1.0,1.0,1.0]","[-1055056756,-1955859921,1767165859]","[76.63243656764224,397.60048706033547,71.82458894021481]","[0.8293092572096025,0.15014225920319657,0.8555085776074757]","[0.08665929054681144,0.8494625805925818,0.09270528756170526]"
300,23070,555.8177173350929,1.2741751442713456,4.717883358889738,1.0,10.325914899012032,420.35068265576615,3,"[0.0,0.0,0.0]","[3.0,3.0,3.0]","[365.0,365.0,365.0]","[1.2741751442713456,1.2741751442713456,1.2741751442713456]","[0.14753038171067084,0.17631679765421637,0.13493632473536968]","[9.55885561827119,10.592294313779457,10.325914899012032]","[0.5103927615565591,0.5103927615565591,0.5103927615565591]","[7.0,7.0,7.0]","[1.0,1.0,1.0]","[1647028623,1514436469,695789583]","[420.35068265576615,398.7176910741919,420.6655340801491]","[0.14753038171067084,0.17631679765421637,0.13493632473536968]","[0.8509984213310647,0.8222120053875192,0.8635924783063659]"
300,23070,911.2843270765884,1.0,4.268852456422395,329.45143612585974,25.543190080073543,92.34163081904333,1,"[0.020849694695125768]","[3.0]","[365.0]","[1.0]","[0.8526427777954064]","[25.543190080073543]","[0.836808381153892]","[7.0]","[1.0]","[-1196522866]","[92.34163081904333]","[0.8526427777954064]","[0.08449613113287811]"
300,23070,981.6980878246527,1.4376923504253218,2.7837175786883313,5.7569442272284235,20.278716199804226,136.59228943966866,1,"[0.009167788051765612]","[3.0]","[365.0]","[1.4376923504253218]","[0.8077839916722368]","[20.278716199804226]","[0.9014674819326471]","[7.0]","[1.0]","[-2144927465]","[136.59228943966866]","[0.8077839916722368]","[0.14974053817883834]"
300,23070,636.5495112550916,1.7210201974377863,2.179747380869026,333.0384023279752,30.8268112167081,56.17011980070015,4,"[0.029848424457254698,0.02042260620759532,0.029848424457254698,0.0]","[3.0,3.0,3.0,3.0]","[365.0,365.0,365.0,365.0]","[1.7210201974377863,1.7210201974377863,1.7210201974377863,1.7210201974377863]","[0.8656043092603862,0.884455945759705,0.848323642469344,0.15238406170282662]","[36.296131910441055,31.446734213144538,30.206888220271665,18.59266950137463]","[0.5845266402709749,0.5845266402709749,0.5845266402709749,0.5845266402709749]","[7.0,7.0,7.0,7.0]","[1.0,1.0,1.0,1.0]","[722182023,-756317011,1480667037,-185293028]","[48.84239625842451,55.80092673778407,56.539312863616225,398.3974792944907]","[0.8656043092603862,0.884455945759705,0.848323642469344,0.15238406170282662]","[0.059696848914509396,0.05184200037312658,0.0722646065807219,0.8467526727610675]"
300,23070,637.4151549706388,2.453434103004273,1.1109386416739335,68.30789240997709,26.68770094971007,82.34306877676339,3,"[0.03451439745108254,0.01725719872554127,0.0062753449911059165]","[3.0,3.0,3.0]","[365.0,365.0,365.0]","[2.453434103004273,2.453434103004273,2.453434103004273]","[0.8252078663304281,0.8487404100470752,0.8189325213393222]","[31.077474321326818,26.68770094971007,25.321799598609513]","[0.5853215380813946,0.5853215380813946,0.5853215380813946]","[7.0,7.0,7.0]","[1.0,1.0,1.0]","[486023854,62776702,-390048560]","[73.32453767092409,82.34306877676339,84.21723487512]","[0.8252078663304281,0.8487404100470752,0.8189325213393222]","[0.09256133861881227,0.08942366612325932,0.1521771160343185]"
300,23070,588.2160938641587,1.7404260968918415,2.239246199152422,104.67313787924323,23.618733977439344,98.39937033708894,1,"[0.03230105432033252]","[3.0]","[365.0]","[1.7404260968918415]","[0.8500277452719084]","[23.618733977439344]","[0.5401433368816884]","[7.0]","[1.0]","[1517500829]","[98.39937033708894]","[0.8500277452719084]","[0.06290205315012122]"
300,23070,729.6347409990404,1.0568753149313297,2.169318596775996,81.7298409275125,14.337229781003074,277.5916677806061,4,"[0.043857560779225674,0.0,0.0,0.016446585292209628]","[3.0,3.0,3.0,3.0]","[365.0,365.0,365.0,365.0]","[1.0568753149313297,1.0568753149313297,1.0568753149313297,1.0568753149313297]","[0.679792192077998,0.16035420659904387,0.14801926762988665,0.707203167565014]","[16.686970580181292,11.37986003692667,11.987488981824855,19.416577691028195]","[0.6700043535344724,0.6700043535344724,0.6700043535344724,0.6700043535344724]","[7.0,7.0,7.0,7.0]","[1.0,1.0,1.0,1.0]","[228665576,709567380,1883749084,875214871]","[165.0381548378823,401.58434673836075,390.1451807233299,149.71392626246185]","[0.679792192077998,0.16035420659904387,0.14801926762988665,0.707203167565014]","[0.1781713406656043,0.838775849902691,0.8511107888718482,0.24806932815749522]"
300,23070,686.4839827590997,1.169746807667834,1.8542233157387076,74.02712991879122,14.047074783911684,168.96065384180667,1,"[0.011653585809601259]","[3.0]","[365.0]","[1.169746807667834]","[0.7370893024572797]","[14.047074783911684]","[0.6303801494573918]","[7.0]","[1.0]","[202971075]","[168.96065384180667]","[0.7370893024572797]","[0.22724492328722457]"
300,23070,565.2858604784304,1.1157446686454608,4.044432768539135,128.23165267918,22.730790828677012,116.63077250314193,1,"[0.005307049423562348]","[3.0]","[365.0]","[1.1157446686454608]","[0.7288347875025625]","[22.730790828677012]","[0.5190871078773466]","[7.0]","[1.0]","[-195792523]","[116.63077250314193]","[0.7288347875025625]","[0.23704820758578488]"
300,23070,1259.6494687332001,1.7267450625544933,2.754053854061514,22.73008538711447,30.791294844902783,53.40212241032836,2,"[0.02143453450359747,0.02540389274500441]","[3.0,3.0]","[365.0,365.0]","[1.7267450625544933,1.7267450625544933]","[0.8835791445371846,0.8684955832198382]","[30.187748874517503,31.394840815288063]","[1.1567029097641874,1.1567029097641874]","[7.0,7.0]","[1.0,1.0]","[-920917064,-1276764551]","[53.048817314587204,53.75542750606952]","[0.8835791445371846,0.8684955832198382]","[0.02937325098641135,0.04922004219344604]"
300,23070,851.1276542830295,2.3484553350215016,3.346248242466385,75.94427945322134,36.80276080723347,27.545932339709637,8,"[0.027022973445005347,0.027022973445005347,0.027022973445005347,0.028197885333918624,0.025848061556092074,0.02114841400043897,0.03172262100065845,0.027022973445005347]","[3.0,3.0,3.0,3.0,3.0,3.0,3.0,3.0]","[365.0,365.0,365.0,365.0,365.0,365.0,365.0,365.0]","[2.3484553350215016,2.3484553350215016,2.3484553350215016,2.3484553350215016,2.3484553350215016,2.3484553350215016,2.3484553350215016,2.3484553350215016]","[0.8894082999073499,0.8976326831297429,0.894107947463003,0.8952828593519163,0.8964577712408296,0.9129065376856155,0.8905832117962632,0.8835337404627835]","[42.54048672611282,35.953893029097884,36.538011830426306,41.44132673026584,36.1324796362127,35.509882966979404,37.06750978404063,37.64662366594527]","[0.7815680939238104,0.7815680939238104,0.7815680939238104,0.7815680939238104,0.7815680939238104,0.7815680939238104,0.7815680939238104,0.7815680939238104]","[7.0,7.0,7.0,7.0,7.0,7.0,7.0,7.0]","[1.0,1.0,1.0,1.0,1.0,1.0,1.0,1.0]","[1898595077,58087455,575479054,-576604898,1951814209,1777002147,388063256,-907376251]","[24.502554310727234,28.144679339397356,26.656549300937975,25.498661967282583,27.96299429908907,27.649697143790267,27.95969530429817,27.442167535629004]","[0.8894082999073499,0.8976326831297429,0.894107947463003,0.8952828593519163,0.8964577712408296,0.9129065376856155,0.8905832117962632,0.8835337404627835]","[0.022323325889352246,0.016448766444785864,0.02349823777826552,0.03759718044522483,0.027022973445005347,0.01527385455587259,0.018798590222612415,0.02114841400043897]"
300,23070,612.0190395404333,3.823559818819083,1.2125311972450454,74.75562272543094,35.47587836016004,23.93652940903314,4,"[0.029410849723754098,0.026142977532225865,0.022875105340697633,0.027776913627989983]","[3.0,3.0,3.0,3.0]","[365.0,365.0,365.0,365.0]","[3.823559818819083,3.823559818819083,3.823559818819083,3.823559818819083]","[0.8970309165745,0.911736341436377,0.8904951721914436,0.8921291082872076]","[36.4127339820725,33.90889902294108,34.539022738247574,36.847558757600716]","[0.5620009545825834,0.5620009545825834,0.5620009545825834,0.5620009545825834]","[7.0,7.0,7.0,7.0]","[1.0,1.0,1.0,1.0]","[-218441052,1002914926,937402198,225907290]","[21.986153906025066,24.56436999343767,24.482150826986356,23.390907991079928]","[0.8970309165745,0.911736341436377,0.8904951721914436,0.8921291082872076]","[0.008169680478820582,0.027776913627989983,0.05228595506445173,0.008169680478820582]"
300,23070,1223.6970385784957,1.9035937545434953,2.196559106328124,5.227982000179761,33.01911729180822,53.52534375097744,4,"[0.035956612309132066,0.026150263497550594,0.0335050251062367,0.020429893357461402]","[3.0,3.0,3.0,3.0]","[365.0,365.0,365.0,365.0]","[1.9035937545434953,1.9035937545434953,1.9035937545434953,1.9035937545434953]","[0.8776682186365419,0.867044674090662,0.8441631935303052,0.8809370015737357]","[31.595247237607236,31.382969901554862,34.442987346009204,36.0149173230575]","[1.1236887406597758,1.1236887406597758,1.1236887406597758,1.1236887406597758]","[7.0,7.0,7.0,7.0]","[1.0,1.0,1.0,1.0]","[-537473523,368297518,-552018338,-1809090001]","[54.3508210750771,52.69986642687778,51.759889745504125,54.35744187762855]","[0.8776682186365419,0.867044674090662,0.8441631935303052,0.8809370015737357]","[0.043311373917818176,0.062106875806682664,0.0670100502124734,0.055569309932295016]"
300,23070,788.5659878074009,1.5182104423247544,2.909915217741686,65.60565181766503,29.853768301866772,72.36197530252446,6,"[0.0202899950636824,0.025362493829603,0.0,0.0,0.02409436913812285,0.035507491361444196]","[3.0,3.0,3.0,3.0,3.0,3.0]","[365.0,365.0,365.0,365.0,365.0,365.0]","[1.5182104423247544,1.5182104423247544,1.5182104423247544,1.5182104423247544,1.5182104423247544,1.5182104423247544]","[0.8686654136639027,0.8610566655150218,0.1572474617435386,0.1242762197650547,0.862324790206502,0.8318897976109784]","[29.130565794650675,30.576970809082873,16.224393317966754,16.675756944396692,32.12814167026231,33.15854241552662]","[0.7241193643777786,0.7241193643777786,0.7241193643777786,0.7241193643777786,0.7241193643777786,0.7241193643777786]","[7.0,7.0,7.0,7.0,7.0,7.0]","[1.0,1.0,1.0,1.0,1.0,1.0]","[-1947144808,-1940247639,240639721,-1205729348,-1354296193,-2116700575]","[73.83248054177977,70.89147006326915,399.27429075506814,408.7324968077165,69.15207330789619,68.07177704412125]","[0.8686654136639027,0.8610566655150218,0.1572474617435386,0.1242762197650547,0.862324790206502,0.8318897976109784]","[0.0557974864251266,0.07481935679732885,0.8420347951428195,0.8750060371213035,0.0583337358080869,0.08496435432917004]"
300,23070,899.8119299263204,1.0,1.0699920033312469,189.97331898814278,15.562191790532939,166.570032029046,1,"[0.010002090104247617]","[3.0]","[365.0]","[1.0]","[0.7145937707812464]","[15.562191790532939]","[0.8262735811995596]","[7.0]","[1.0]","[992474746]","[166.570032029046]","[0.7145937707812464]","[0.2367161324671936]"
300,23070,506.46059710782777,1.3252984983441882,5.0,5.460067263974699,10.082069260560427,397.80018080230275,2,"[0.0,0.0]","[3.0,3.0]","[365.0,365.0]","[1.3252984983441882,1.3252984983441882]","[0.14216308319178259,0.1382141086586775]","[10.985568853727292,9.178569667393564]","[0.46506941883179775,0.46506941883179775]","[7.0,7.0]","[1.0,1.0]","[252266262,216777607]","[390.4866799669923,405.1136816376132]","[0.14216308319178259,0.1382141086586775]","[0.8569274736838006,0.8608764482169057]"
300,23070,637.4151527875413,2.453434158040592,1.1109386416739335,68.30785247479638,27.49321797934124,80.67944535210793,3,"[0.0,0.028239052556693192,0.026670216303543572]","[3.0,3.0,3.0]","[365.0,365.0,365.0]","[2.453434158040592,2.453434158040592,2.453434158040592]","[0.14590177154291484,0.8283455416630003,0.8063818341189056]","[17.248580555125226,28.431047062771007,27.49321797934124]","[0.5853215360767138,0.5853215360767138,0.5853215360767138]","[7.0,7.0,7.0]","[1.0,1.0,1.0]","[-1525967350,-1395369945,-1001713968]","[385.58755501428334,80.67944535210793,78.00552976292462]","[0.14590177154291484,0.8283455416630003,0.8063818341189056]","[0.8534469217133943,0.07530414015118185,0.10981853772047354]"
300,23070,814.523020874707,1.2757725623934615,2.5366122290881314,334.51442378599455,32.92850999411786,65.01145283287605,7,"[0.028237384838184883,0.02332653530110925,0.020871110532571437,0.02946509722245379,0.027009672453915976,0.01718797337976471,0.020871110532571437]","[3.0,3.0,3.0,3.0,3.0,3.0,3.0]","[365.0,365.0,365.0,365.0,365.0,365.0,365.0]","[1.2757725623934615,1.2757725623934615,1.2757725623934615,1.2757725623934615,1.2757725623934615,1.2757725623934615,1.2757725623934615]","[0.8581709566039667,0.853260107066891,0.880269779520807,0.8569432442196978,0.8397552708399331,0.8458938327612776,0.8569432442196978]","[33.61941483032758,34.376322204225694,32.67017575826143,32.75535561166968,29.245075322587514,32.92850999411786,34.36336390058657]","[0.7479550237600615,0.7479550237600615,0.7479550237600615,0.7479550237600615,0.7479550237600615,0.7479550237600615,0.7479550237600615]","[7.0,7.0,7.0,7.0,7.0,7.0,7.0]","[1.0,1.0,1.0,1.0,1.0,1.0,1.0]","[-243634463,1273071825,801863637,-505371102,-118702544,591959370,123589600]","[65.01145283287605,63.41892334500074,62.26732912855662,65.63021987454755,67.84219721854645,68.34313956795914,64.29130004907155]","[0.8581709566039667,0.853260107066891,0.880269779520807,0.8569432442196978,0.8397552708399331,0.8458938327612776,0.8569432442196978]","[0.06629646875052103,0.0626133315977143,0.06015790682917649,0.06506875636625212,0.08225672974601683,0.0920784288201681,0.07980130497747902]"
300,23070,981.6980684406776,1.4376923906690973,2.7837173029393876,5.756940853074816,18.82223677738509,148.50709991681558,1,"[0.01018643136976314]","[3.0]","[365.0]","[1.4376923906690973]","[0.8149145095810512]","[18.82223677738509]","[0.9014674641328536]","[7.0]","[1.0]","[909283203]","[148.50709991681558]","[0.8149145095810512]","[0.14362868231366027]"
300,23070,763.1000348059334,1.873133363987665,2.6569442227827667,20.893524853248085,26.358691576001796,89.29622477047451,2,"[0.02882977197818487,0.017035774350745606]","[3.0,3.0]","[365.0,365.0]","[1.873133363987665,1.873133363987665]","[0.8347529431865347,0.824269389739922]","[25.094392218969862,27.622990933033734]","[0.7007346508778085,0.7007346508778085]","[7.0,7.0]","[1.0,1.0]","[-1810468973,-1598296231]","[94.42587879606909,84.16657074487992]","[0.8347529431865347,0.824269389739922]","[0.08255798339207486,0.13759663898679142]"
300,23070,674.5137889586834,1.9824316200461547,2.976893955816347,264.9577163914435,28.40360972106649,44.22639199015582,1,"[0.032616086372324084]","[3.0]","[365.0]","[1.9824316200461547]","[0.8835994308138707]","[28.40360972106649]","[0.619388235958387]","[7.0]","[1.0]","[-1586067891]","[44.22639199015582]","[0.8835994308138707]","[0.0415113826556852]"
300,23070,500.0,1.0,1.2186316967191981,332.4895774061032,9.273122137136765,388.03470837804804,1,"[0.0]","[3.0]","[365.0]","[1.0]","[0.156]","[9.273122137136765]","[0.4591368227731864]","[7.0]","[1.0]","[441242733]","[388.03470837804804]","[0.156]","[0.844]"
300,23070,536.2322929106186,2.3665864726124557,4.152660734225815,47.87365025735684,33.713110605731366,45.70269012102959,5,"[0.0223783613158863,0.0372972688598105,0.0372972688598105,0.024243224758876827,0.029837815087848402]","[3.0,3.0,3.0,3.0,3.0]","[365.0,365.0,365.0,365.0,365.0]","[2.3665864726124557,2.3665864726124557,2.3665864726124557,2.3665864726124557,2.3665864726124557]","[0.8876749988634899,0.8279993686877931,0.8578371837756416,0.8708912278765752,0.8764858182055468]","[33.713110605731366,31.99490823265789,35.59373603695582,32.999632810794694,38.312196649795816]","[0.4924079824707242,0.4924079824707242,0.4924079824707242,0.4924079824707242,0.4924079824707242]","[7.0,7.0,7.0,7.0,7.0]","[1.0,1.0,1.0,1.0,1.0]","[-1086653745,-1990305467,-156932790,-772958245,57328948]","[46.37597011213634,49.49768722751529,44.77810977205005,45.70269012102959,44.18695388315161]","[0.8876749988634899,0.8279993686877931,0.8578371837756416,0.8708912278765752,0.8764858182055468]","[0.02610808820186735,0.08018912804859257,0.0372972688598105,0.035432405416819975,0.033567541973829454]"
300,23070,905.7441208375068,2.895823447067716,1.4240084442105791,277.33234588091824,37.02707516271251,19.82785226656076,6,"[0.019873162393100705,0.03312193732183451,0.028705679012256572,0.032017872744440026,0.03091380816704554,0.03422600189922899]","[3.0,3.0,3.0,3.0,3.0,3.0]","[365.0,365.0,365.0,365.0,365.0,365.0]","[2.895823447067716,2.895823447067716,2.895823447067716,2.895823447067716,2.895823447067716,2.895823447067716]","[0.9097492117730545,0.8998126305765041,0.8998126305765041,0.8976045014217151,0.9031248243086876,0.9053329534634765]","[33.39006406966608,39.56887390990111,35.37272726200163,36.426961023237254,39.99099156238936,37.62718930218775]","[0.8317209557736518,0.8317209557736518,0.8317209557736518,0.8317209557736518,0.8317209557736518,0.8317209557736518]","[7.0,7.0,7.0,7.0,7.0,7.0]","[1.0,1.0,1.0,1.0,1.0,1.0]","[125927229,2081604409,369672457,637353216,-1250519151,-1998455076]","[21.30517104772133,19.456674687127034,19.838394181939105,20.20368645697477,19.06519931270416,19.817310351182417]","[0.9097492117730545,0.8998126305765041,0.8998126305765041,0.8976045014217151,0.9031248243086876,0.9053329534634765]","[0.016560968660917254,0.011040645773944835,0.019873162393100705,0.02097722697049519,0.011040645773944835,0.009936581196550352]"
300,23070,1216.4995492066532,1.016900325728006,1.5031073007353242,50.30676900454017,12.397769145754225,185.40890017327843,1,"[0.01068639935664425]","[3.0]","[365.0]","[1.016900325728006]","[0.6814634666660064]","[12.397769145754225]","[1.1170794758555127]","[7.0]","[1.0]","[-350012159]","[185.40890017327843]","[0.6814634666660064]","[0.2836005983109436]"
300,23070,514.402240555822,2.665069096434479,3.4819092268276695,255.5247232413101,36.08559326150895,28.456657705565426,6,"[0.025272051665158453,0.034992071536373244,0.0369360755106162,0.034992071536373244,0.021384043716672536,0.04276808743334507]","[3.0,3.0,3.0,3.0,3.0,3.0]","[365.0,365.0,365.0,365.0,365.0,365.0]","[2.665069096434479,2.665069096434479,2.665069096434479,2.665069096434479,2.665069096434479,2.665069096434479]","[0.9000738400744894,0.8709137804608451,0.874801788409331,0.8884098162290317,0.9000738400744894,0.8825778043063028]","[40.13493193640971,35.75447508294693,35.40439026136813,36.41671144007096,35.745794129753065,37.54533270392183]","[0.4723620207124169,0.4723620207124169,0.4723620207124169,0.4723620207124169,0.4723620207124169,0.4723620207124169]","[7.0,7.0,7.0,7.0,7.0,7.0]","[1.0,1.0,1.0,1.0,1.0,1.0]","[-190244864,1630351759,-1000925288,-1149729325,-235171623,1141352715]","[27.47940272592365,30.619544943705467,29.572004459514353,28.298676367163146,28.614639043967703,28.064886466375288]","[0.9000738400744894,0.8709137804608451,0.874801788409331,0.8884098162290317,0.9000738400744894,0.8825778043063028]","[0.0369360755106162,0.023328047690915493,0.015552031793943663,0.015552031793943663,0.017496035768186622,0.017496035768186622]"
300,23070,1025.869959293485,1.7484393571879917,2.140616545494364,127.74310457933193,31.435306249239297,41.94648867517437,2,"[0.018520865951748185,0.019495648370261246]","[3.0,3.0]","[365.0,365.0]","[1.7484393571879917,1.7484393571879917]","[0.892900695357965,0.8831528711728344]","[31.24642780774217,31.624184690736424]","[0.9420293473769376,0.9420293473769376]","[7.0,7.0]","[1.0,1.0]","[-270783613,-71749422]","[42.541739272616674,41.35123807773207]","[0.892900695357965,0.8831528711728344]","[0.03021825497390493,0.04776433850714005]"
300,23070,1246.0395032699328,1.1043599046355137,1.467610859285551,129.69476539315082,24.20556479092326,98.18143300359085,2,"[0.019261026586250066,0.01605085548854172]","[3.0,3.0]","[365.0,365.0]","[1.1043599046355137,1.1043599046355137]","[0.8595233114114091,0.8057529455247944]","[25.018959833025175,23.392169748821342]","[1.1442052371624727,1.1442052371624727]","[7.0,7.0]","[1.0,1.0]","[299540509,-1630996416]","[93.12179608375914,103.24106992342257]","[0.8595233114114091,0.8057529455247944]","[0.08908224796140655,0.15328566991557344]"
300,23070,686.4839442669518,1.1697467850110934,1.8542229455997186,74.02710035298917,11.43645428944187,401.78999179742,3,"[0.0,0.0,0.0]","[3.0,3.0,3.0]","[365.0,365.0,365.0]","[1.1697467850110934,1.1697467850110934,1.1697467850110934]","[0.13547294263277812,0.14566983078793344,0.1777171935612788]","[12.77262261758237,9.906587996805598,11.43645428944187]","[0.6303801141110669,0.6303801141110669,0.6303801141110669]","[7.0,7.0,7.0]","[1.0,1.0,1.0]","[1117691642,1930510343,-981204942]","[409.0520509707554,401.78999179742,386.1482307365213]","[0.13547294263277812,0.14566983078793344,0.1777171935612788]","[0.8638220965724454,0.8536252084172901,0.8215778456439446]"
300,23070,729.6347409990404,1.057063929891923,2.169847417622227,81.83347418111421,18.10860084949074,148.99774724243457,1,"[0.015076036517858826]","[3.0]","[365.0]","[1.057063929891923]","[0.8168470695130782]","[18.10860084949074]","[0.6700043535344724]","[7.0]","[1.0]","[862176645]","[148.99774724243457]","[0.8168470695130782]","[0.13294323111202783]"
300,23070,1047.5447642939744,1.3232024974897154,4.066589534780094,199.67930235530548,33.05169432715009,48.78709231544639,4,"[0.03150223372291053,0.03436607315226603,0.02291071543484402,0.028638394293555025]","[3.0,3.0,3.0,3.0]","[365.0,365.0,365.0,365.0]","[1.3232024974897154,1.3232024974897154,1.3232024974897154,1.3232024974897154]","[0.8696525733809543,0.8696525733809543,0.8725164128103098,0.8896994493864429]","[32.51248901543846,33.03152966709832,33.705983180606474,33.07185898720185]","[0.9619327495812436,0.9619327495812436,0.9619327495812436,0.9619327495812436]","[7.0,7.0,7.0,7.0]","[1.0,1.0,1.0,1.0]","[907141225,-898553001,-556357247,492243955]","[50.23069596525036,48.41788560646839,47.92771190923095,49.15629902442439]","[0.8696525733809543,0.8696525733809543,0.8725164128103098,0.8896994493864429]","[0.05823140173022855,0.04486681772656954,0.051549109728399045,0.049639883442162046]"
300,23070,1230.1982925531643,1.2775946375706226,4.95907532891394,73.85483503332037,33.0839202342142,47.58497271829222,4,"[0.028450697917455806,0.029263575000811688,0.021134804167252885,0.026012066667388166]","[3.0,3.0,3.0,3.0]","[365.0,365.0,365.0,365.0]","[1.2775946375706226,1.2775946375706226,1.2775946375706226,1.2775946375706226]","[0.8868488979412653,0.8746557416909271,0.8835973896078417,0.8657140937740124]","[33.900006066086966,32.26783440234143,31.90668398967019,37.202981660641285]","[1.1296586708477174,1.1296586708477174,1.1296586708477174,1.1296586708477174]","[7.0,7.0,7.0,7.0]","[1.0,1.0,1.0,1.0]","[20169021,-1004904281,698151895,-1681720491]","[47.15733262627143,50.6243702740968,48.01261281031301,45.63982460399719]","[0.8868488979412653,0.8746557416909271,0.8835973896078417,0.8657140937740124]","[0.03414083750094697,0.04633399375128517,0.04064385416779401,0.06177865833504689]"
300,23070,1421.4963477061933,1.3699334968128012,2.3697823281499666,16.879183723579967,25.97865712463356,81.0776048945445,1,"[0.01758710111379562]","[3.0]","[365.0]","[1.3699334968128012]","[0.8427738853730862]","[25.97865712463356]","[1.3053226333390204]","[7.0]","[1.0]","[1443884139]","[81.0776048945445]","[0.8427738853730862]","[0.1048191226382219]"
300,23070,1450.0357000946365,1.561432148918926,1.074538514604749,296.55277987867436,34.47715679384325,37.81428754660023,4,"[0.01930986940402404,0.037240462422046365,0.027585527720034343,0.02482697494803091]","[3.0,3.0,3.0,3.0]","[365.0,365.0,365.0,365.0]","[1.561432148918926,1.561432148918926,1.561432148918926,1.561432148918926]","[0.8985985654801187,0.8758405051110904,0.8834265252340998,0.8903229071641084]","[33.32431601601873,35.5072456753722,36.80978877962366,33.44706791231431]","[1.3315295684982889,1.3315295684982889,1.3315295684982889,1.3315295684982889]","[7.0,7.0,7.0,7.0]","[1.0,1.0,1.0,1.0]","[-2053746736,1407008634,1417583231,-50245800]","[39.20998299660807,36.588046851447935,35.37674281191816,39.040528241752526]","[0.8985985654801187,0.8758405051110904,0.8834265252340998,0.8903229071641084]","[0.0282751659130352,0.031033718685038635,0.040688653387050654,0.040688653387050654]"
300,23070,788.565987807401,1.5182104423247544,2.909915217741686,65.60564251850434,30.74508046679585,70.38864085545552,4,"[0.015217496297761798,0.03677561605292434,0.017753745680722098,0.021558119755162548]","[3.0,3.0,3.0,3.0]","[365.0,365.0,365.0,365.0]","[1.5182104423247544,1.5182104423247544,1.5182104423247544,1.5182104423247544]","[0.8483754186002203,0.8344260469939385,0.8166723013132164,0.8635929148979821]","[26.33751161264507,31.601795473799807,29.888365459791896,31.76666156595258]","[0.7241193643777787,0.7241193643777787,0.7241193643777787,0.7241193643777787]","[7.0,7.0,7.0,7.0]","[1.0,1.0,1.0,1.0]","[1027560724,-783721346,745830742,714025683]","[92.43456623909017,66.57412178348319,68.37993134415096,72.39735036676007]","[0.8483754186002203,0.8344260469939385,0.8166723013132164,0.8635929148979821]","[0.07608748148880899,0.08876872840361048,0.12300809507357453,0.05452936173364644]"
300,23070,768.511578942951,1.901443517058376,1.8827379858955693,203.66407984153,35.30794147169264,43.53521083751325,7,"[0.022120681673245112,0.03383163079437487,0.03903649707043255,0.027325547949302784,0.028626764518317204,0.014313382259158602,0.022120681673245112]","[3.0,3.0,3.0,3.0,3.0,3.0,3.0]","[365.0,365.0,365.0,365.0,365.0,365.0,365.0]","[1.901443517058376,1.901443517058376,1.901443517058376,1.901443517058376,1.901443517058376,1.901443517058376,1.901443517058376]","[0.8783211840847324,0.8848272669298044,0.8418871201523287,0.88352605036079,0.8692126681016314,0.9069479486030495,0.8783211840847324]","[37.14142720306088,35.80144335848334,35.30794147169264,34.51749382059336,37.48219822494375,34.013550084399164,30.18841086391033]","[0.7057039292405427,0.7057039292405427,0.7057039292405427,0.7057039292405427,0.7057039292405427,0.7057039292405427,0.7057039292405427]","[7.0,7.0,7.0,7.0,7.0,7.0,7.0]","[1.0,1.0,1.0,1.0,1.0,1.0,1.0]","[-1149956594,-892384172,-1083057686,-2011699755,1684941044,1374623512,-176107350]","[41.12176619664195,44.733065763146485,43.18097622319825,44.09312903807732,43.53521083751325,43.52126898280918,47.11268716033092]","[0.8783211840847324,0.8848272669298044,0.8418871201523287,0.88352605036079,0.8692126681016314,0.9069479486030495,0.8783211840847324]","[0.049446229622547896,0.049446229622547896,0.06766326158874975,0.044241363346490224,0.03122919765634604,0.028626764518317204,0.049446229622547896]"
300,23070,854.3601609877612,4.123863379115956,1.0,104.28865632019865,32.1977838173503,16.298666444733758,1,"[0.032773063724820736]","[3.0]","[365.0]","[4.123863379115956]","[0.9141343846101784]","[32.1977838173503]","[0.7845364196398175]","[7.0]","[1.0]","[-1686836387]","[16.298666444733758]","[0.9141343846101784]","[0.008193265931205184]"
300,23070,766.6975892085806,1.8719811504293276,2.6569442227827667,20.893471411267985,25.320589645560933,96.6723723200813,1,"[0.028694494817323453]","[3.0]","[365.0]","[1.8719811504293276]","[0.8464875971110418]","[25.320589645560933]","[0.7040381902741787]","[7.0]","[1.0]","[-991841796]","[96.6723723200813]","[0.8464875971110418]","[0.07564912270021637]"
300,23070,531.9687744304824,1.20475780438457,1.2605954721046306,332.48959109168356,14.077297794276896,395.1071630073434,3,"[0.0,0.0,0.0]","[3.0,3.0,3.0]","[365.0,365.0,365.0]","[1.20475780438457,1.20475780438457,1.20475780438457]","[0.15978381455001694,0.16542324329884106,0.1635434337158997]","[14.315772152106879,12.630377343492059,14.077297794276896]","[0.48849290581311516,0.48849290581311516,0.48849290581311516]","[7.0,7.0,7.0]","[1.0,1.0,1.0]","[-991935698,245897307,-611816434]","[402.0842407986251,395.1071630073434,388.69811675849934]","[0.15978381455001694,0.16542324329884106,0.1635434337158997]","[0.8383950739918536,0.8327556452430295,0.8346354548259709]"
300,23070,1334.2552451532106,1.0849589141335136,1.0004919276287652,218.47642081174752,25.159840174228872,96.9130817669731,1,"[0.03372668023113727]","[3.0]","[365.0]","[1.0849589141335136]","[0.811688770896037]","[25.159840174228872]","[1.225211428056208]","[7.0]","[1.0]","[-1436240778]","[96.9130817669731]","[0.811688770896037]","[0.11467071278586673]"
300,23070,552.6798075742764,3.0960734314713543,1.5164711585895982,194.41854737797286,32.54081433106255,35.116865244592695,2,"[0.036187318092514416,0.03799668399714014]","[3.0,3.0]","[365.0,365.0]","[3.0960734314713543,3.0960734314713543]","[0.8666862683157203,0.8793518296481003]","[32.73248169978655,32.34914696233855]","[0.5075113017210986,0.5075113017210986]","[7.0,7.0]","[1.0,1.0]","[-802990788,1212711806]","[35.50535715463913,34.72837333454626]","[0.8666862683157203,0.8793518296481003]","[0.03799668399714014,0.027140488569385814]"
300,23070,724.4823063045937,1.857005411451146,1.3045292769646215,119.1497573837876,26.15419862670091,97.26433166722703,4,"[0.023465031308649652,0.0,0.041408878779969974,0.026225623227314317]","[3.0,3.0,3.0,3.0]","[365.0,365.0,365.0,365.0]","[1.857005411451146,1.857005411451146,1.857005411451146,1.857005411451146]","[0.8171352079247408,0.16425521916054756,0.8309381675180642,0.8461214230707198]","[26.70272365553577,16.166678253258958,31.358436636734833,25.60567359786605]","[0.6652730085441633,0.6652730085441633,0.6652730085441633,0.6652730085441633]","[7.0,7.0,7.0,7.0]","[1.0,1.0,1.0,1.0]","[-1229648312,392541814,192700862,1200364257]","[93.58812769776122,394.5706915286801,78.34396464514039,100.94053563669283]","[0.8171352079247408,0.16425521916054756,0.8309381675180642,0.8461214230707198]","[0.12974782017723926,0.8350790553960612,0.07591627776327829,0.08143746160060762]"
300,23070,690.2198881637776,2.108591889767994,2.6656233479161244,20.893522765442242,25.557350832616304,88.50356638715675,1,"[0.015936950222144114]","[3.0]","[365.0]","[2.108591889767994]","[0.8475559890867551]","[25.557350832616304]","[0.6338107329327618]","[7.0]","[1.0]","[1082279973]","[88.50356638715675]","[0.8475559890867551]","[0.09417288767630612]"
300,23070,935.1171990486357,1.7404260968918415,2.2392461586779944,104.67310847606188,28.267962147540302,58.871384151111755,3,"[0.0,0.020318308784535364,0.03742846355045988]","[3.0,3.0,3.0]","[365.0,365.0,365.0]","[1.7404260968918415,1.7404260968918415,1.7404260968918415]","[0.14864446952896926,0.8875892784823344,0.8779648164265018]","[18.660662537008456,28.267962147540302,33.05600522544086]","[0.8586934793835038,0.8586934793835038,0.8586934793835038]","[7.0,7.0,7.0]","[1.0,1.0,1.0]","[-2080950594,605889716,-275919632]","[402.4971118028154,58.871384151111755,49.07082434255171]","[0.14864446952896926,0.8875892784823344,0.8779648164265018]","[0.8512301996047448,0.051330464297773555,0.029942770840367904]"
300,23070,536.2322929106188,2.366586470258928,4.152660734225815,47.87365025735684,31.840964975664455,46.83159046640167,3,"[0.02797295164485787,0.0,0.026108088201867344]","[3.0,3.0,3.0]","[365.0,365.0,365.0]","[2.366586470258928,2.366586470258928,2.366586470258928]","[0.8597020472186319,0.1435944851102704,0.870891227876575]","[31.840964975664455,17.89637686124372,38.21567544422114]","[0.4924079824707243,0.4924079824707243,0.4924079824707243]","[7.0,7.0,7.0]","[1.0,1.0,1.0]","[1318733856,-710734184,-1197684726]","[46.83159046640167,396.3772065312968,43.09001643739981]","[0.8597020472186319,0.1435944851102704,0.870891227876575]","[0.06527022050466837,0.8559723203326508,0.04102699574579154]"
300,23070,552.6799303226546,3.0960738336233136,1.5164712260824276,194.41848974830162,32.66353320570595,33.86992808697953,3,"[0.0307592135471165,0.028949848044344938,0.023521751536030262]","[3.0,3.0,3.0]","[365.0,365.0,365.0]","[3.0960738336233136,3.0960738336233136,3.0960738336233136]","[0.8920171928663784,0.8956359238719216,0.926395137419038]","[32.66353320570595,34.42032968653845,32.15825725270153]","[0.5075114144376994,0.5075114144376994,0.5075114144376994]","[7.0,7.0,7.0]","[1.0,1.0,1.0]","[1307106831,1220555697,1644987946]","[35.73872042528443,33.86992808697953,33.26675202973384]","[0.8920171928663784,0.8956359238719216,0.926395137419038]","[0.02533111703880182,0.019903020530487144,0.01628428952494403]"
300,23070,737.4096851863333,1.3716111488444187,2.449867206320774,297.92585466322635,27.913467447121892,66.48427948044215,1,"[0.027121965444414087]","[3.0]","[365.0]","[1.3716111488444187]","[0.8624785011323679]","[27.913467447121892]","[0.6771438798772573]","[7.0]","[1.0]","[753685353]","[66.48427948044215]","[0.8624785011323679]","[0.06780491361103522]"
300,23070,1165.9981466153286,1.7523328811127756,2.021835094528738,224.31612707084787,35.44705184684745,31.51034653348532,4,"[0.032590103260718546,0.02229849170470216,0.03001720037171445,0.029159566075379752]","[3.0,3.0,3.0,3.0]","[365.0,365.0,365.0,365.0]","[1.7523328811127756,1.7523328811127756,1.7523328811127756,1.7523328811127756]","[0.8859362281137436,0.8927973024844212,0.8945125710770906,0.887651496706413]","[35.37339833942322,35.52070535427168,34.17101242737061,36.345106271307614]","[1.070705368792772,1.070705368792772,1.070705368792772,1.070705368792772]","[7.0,7.0,7.0,7.0]","[1.0,1.0,1.0,1.0]","[-787600567,-44113490,2094496814,1980995717]","[33.04109884827769,31.154062821313158,31.866630245657475,30.53172667095073]","[0.8859362281137436,0.8927973024844212,0.8945125710770906,0.887651496706413]","[0.02401376029737156,0.034305371853387945,0.034305371853387945,0.034305371853387945]"
300,23070,825.4759406715225,1.2838484616307078,4.901026394771068,316.4759969853749,31.35786369645218,60.09574280481774,5,"[0.02907413628612369,0.033919825667144306,0.014537068143061846,0.04118835973867523,0.024228446905103077]","[3.0,3.0,3.0,3.0,3.0]","[365.0,365.0,365.0,365.0,365.0]","[1.2838484616307078,1.2838484616307078,1.2838484616307078,1.2838484616307078,1.2838484616307078]","[0.8443613746428422,0.8383042629165665,0.8685898215479453,0.8407271076070768,0.8407271076070768]","[35.008354775611025,29.437185142732154,35.589032168142296,29.960701287588034,31.35786369645218]","[0.7580128013512604,0.7580128013512604,0.7580128013512604,0.7580128013512604,0.7580128013512604]","[7.0,7.0,7.0,7.0,7.0]","[1.0,1.0,1.0,1.0,1.0]","[-356851355,-332109044,-513459212,1681332378,-2025842842]","[59.57846546339377,68.55480380058751,59.65569525234312,63.97460579260199,60.09574280481774]","[0.8443613746428422,0.8383042629165665,0.8685898215479453,0.8407271076070768,0.8407271076070768]","[0.0811652971320953,0.09933663231092262,0.07026249602479892,0.06783965133428861,0.08358814182260561]"
300,23070,943.1532645382176,2.754568518223662,1.8765181129489215,253.96656659797057,34.59415562039355,19.13580649908468,3,"[0.03816983024241151,0.029687645744097838,0.024386280432651796]","[3.0,3.0,3.0]","[365.0,365.0,365.0]","[2.754568518223662,2.754568518223662,2.754568518223662]","[0.8916896453852244,0.9086540143818517,0.9128951066310086]","[40.03033204261334,34.59415562039355,33.63909305274755]","[0.8660727865364717,0.8660727865364717,0.8660727865364717]","[7.0,7.0,7.0]","[1.0,1.0,1.0]","[-1178054390,1811928464,-270916076]","[18.51667743912941,19.13580649908468,20.816138480125023]","[0.8916896453852244,0.9086540143818517,0.9128951066310086]","[0.019084915121205755,0.018024642058916546,0.014843822872048919]"
300,23070,500.0,1.7087577888710956,2.7276672398963884,262.33317690657674,27.13863703749339,70.73369825108473,1,"[0.012]","[3.0]","[365.0]","[1.7087577888710956]","[0.868]","[27.13863703749339]","[0.4591368227731864]","[7.0]","[1.0]","[1647479476]","[70.73369825108473]","[0.868]","[0.09]"
300,23070,721.5937230295799,1.583600280247147,2.695471880346953,136.06033690121626,33.095344064095165,58.1973039887229,5,"[0.02078732051191237,0.01801567777699072,0.030488070084138143,0.03325971281905979,0.03325971281905979]","[3.0,3.0,3.0,3.0,3.0]","[365.0,365.0,365.0,365.0,365.0]","[1.583600280247147,1.583600280247147,1.583600280247147,1.583600280247147,1.583600280247147]","[0.8702958187653979,0.861980890560633,0.8689099973979371,0.8398077486812597,0.8592092478257113]","[33.4332035988067,33.095344064095165,33.946946236549124,30.868981590984163,32.42789378749477]","[0.662620498649752,0.662620498649752,0.662620498649752,0.662620498649752,0.662620498649752]","[7.0,7.0,7.0,7.0,7.0]","[1.0,1.0,1.0,1.0,1.0]","[-1317057058,606082299,2061945693,522923881,-1059373583]","[57.336859571873745,60.30193119137379,56.28086368986855,60.024576030222555,58.1973039887229]","[0.8702958187653979,0.861980890560633,0.8689099973979371,0.8398077486812597,0.8592092478257113]","[0.07483435384288453,0.07622017521034535,0.04434628375874639,0.08314928204764949,0.05681867606589381]"
300,23070,1216.4995492066532,1.016900325728006,1.5006422941290225,51.387072990535415,12.84540791933533,396.05316665686036,6,"[0.0,0.0,0.023016860152772232,0.0,0.023016860152772232,0.0]","[3.0,3.0,3.0,3.0,3.0,3.0]","[365.0,365.0,365.0,365.0,365.0,365.0]","[1.016900325728006,1.016900325728006,1.016900325728006,1.016900325728006,1.016900325728006,1.016900325728006]","[0.1471434988337939,0.14878756027327764,0.7291412484110347,0.15043162171276137,0.7316073405702602,0.14385537595482645]","[12.908092977071691,12.579359520940836,17.968290090418805,12.083930182313962,17.912776322532185,12.782722861598968]","[1.1170794758555127,1.1170794758555127,1.1170794758555127,1.1170794758555127,1.1170794758555127,1.1170794758555127]","[7.0,7.0,7.0,7.0,7.0,7.0]","[1.0,1.0,1.0,1.0,1.0,1.0]","[1380854464,-564617685,260662760,1011784159,580033821,537666136]","[394.139936634862,402.83430651312386,152.56004532029198,400.37189218583393,180.86567640626333,397.9663966788587]","[0.1471434988337939,0.14878756027327764,0.7291412484110347,0.15043162171276137,0.7316073405702602,0.14385537595482645]","[0.8524458563723144,0.8508017949328307,0.19810940345778957,0.849157733493347,0.2071517413749501,0.8557339792512819]"
300,23070,1216.4995492066532,1.016900325728006,1.3593502208044492,18.54123179670463,10.828815364212476,396.0883863820009,2,"[0.0,0.0]","[3.0,3.0]","[365.0,365.0]","[1.016900325728006,1.016900325728006]","[0.1545417753114707,0.1545417753114707]","[10.969160391628327,10.688470336796625]","[1.1170794758555127,1.1170794758555127]","[7.0,7.0]","[1.0,1.0]","[1965047166,-1001283550]","[398.4291188564657,393.7476539075361]","[0.1545417753114707,0.1545417753114707]","[0.8450475798946376,0.8450475798946376]"
300,23070,686.4839044252302,1.1697467395754342,1.8542234903999755,74.02705678525118,12.311670095498913,395.1571920661382,3,"[0.0,0.021850475886334136,0.0]","[3.0,3.0,3.0]","[365.0,365.0,365.0]","[1.1697467395754342,1.1697467395754342,1.1697467395754342]","[0.1675203151285617,0.7225224026414487,0.14566983924222757]","[12.311670095498913,17.952337405280772,10.775761826544036]","[0.6303800775254639,0.6303800775254639,0.6303800775254639]","[7.0,7.0,7.0]","[1.0,1.0,1.0]","[-1862258927,1847697809,-727623373]","[395.1571920661382,179.70000145343766,407.50216241360863]","[0.1675203151285617,0.7225224026414487,0.14566983924222757]","[0.8317747820731194,0.21996145725576363,0.8536252579594535]"
300,23070,1259.6034079607753,1.5844718830760607,2.6320680518365256,216.94839836166136,33.85940201338238,32.55733163175456,3,"[0.024610921028061682,0.03493162984628109,0.028580424419684534]","[3.0,3.0,3.0]","[365.0,365.0,365.0]","[1.5844718830760607,1.5844718830760607,1.5844718830760607]","[0.8732907461570274,0.8693212427654046,0.8947260644717908]","[38.87742084803871,33.85940201338238,33.730110824558786]","[1.1566606133707762,1.1566606133707762,1.1566606133707762]","[7.0,7.0,7.0]","[1.0,1.0,1.0]","[1976479789,-545068977,768710042]","[30.196983686511697,32.55733163175456,32.68179852163494]","[0.8732907461570274,0.8693212427654046,0.8947260644717908]","[0.030962126454658245,0.03175602713298281,0.028580424419684534]"
300,23070,786.6570686237561,2.419889505063926,1.7522452042108898,226.46614815743865,33.882070497127486,30.6446496694657,2,"[0.03559365461367499,0.02542403900976785]","[3.0,3.0]","[365.0,365.0]","[2.419889505063926,2.419889505063926]","[0.8949261731438283,0.8974685770448051]","[35.42898436839459,32.335156625860385]","[0.7223664541999597,0.7223664541999597]","[7.0,7.0]","[1.0,1.0]","[-230872484,-64720664]","[29.519532786895017,31.76976655203638]","[0.8949261731438283,0.8974685770448051]","[0.02161043315830267,0.0165256253563491]"
300,23070,518.0365451140812,3.163580975845571,1.319606606924423,289.8552943593414,30.224977719205672,33.76861959912391,1,"[0.023164388908812176]","[3.0]","[365.0]","[3.163580975845571]","[0.9034111674436749]","[30.224977719205672]","[0.4756993068081553]","[7.0]","[1.0]","[1109191727]","[33.76861959912391]","[0.9034111674436749]","[0.03667694910561928]"
300,23070,803.0682464590379,3.4675148943948333,4.461230235880111,325.95114935541784,35.62884423234836,14.70501111179627,3,"[0.027394931996134096,0.03362105290434639,0.031130604541061473]","[3.0,3.0,3.0]","[365.0,365.0,365.0]","[3.4675148943948333,3.4675148943948333,3.4675148943948333]","[0.91150410096228,0.9015423075091402,0.9027875316907827]","[35.62884423234836,34.42933357617971,40.42088846547142]","[0.7374364062984737,0.7374364062984737,0.7374364062984737]","[7.0,7.0,7.0]","[1.0,1.0,1.0]","[1959963371,1711437160,-2013125941]","[14.457125931412536,14.797471368395678,14.70501111179627]","[0.91150410096228,0.9015423075091402,0.9027875316907827]","[0.012452241816424589,0.012452241816424589,0.014942690179709507]"
300,23070,729.634730193345,1.056765820330812,2.169880580842557,81.75731582218609,14.770248895312275,277.1198297687545,2,"[0.012334939151834371,0.0]","[3.0,3.0]","[365.0,365.0]","[1.056765820330812,1.056765820330812]","[0.7524312882618966,0.14390762343806768]","[16.03358116631314,13.506916624311406]","[0.6700043436118871,0.6700043436118871]","[7.0,7.0]","[1.0,1.0]","[-1647526666,-166576895]","[155.00670048016397,399.23295905734506]","[0.7524312882618966,0.14390762343806768]","[0.2096939655811843,0.8552224478605165]"
300,23070,536.2322926065782,2.3665866311343597,4.152660176510757,47.87365194974547,31.797519636637908,49.904885449203235,3,"[0.04662158610119728,0.01864863444047891,0.029837815104766262]","[3.0,3.0,3.0]","[365.0,365.0,365.0]","[2.3665866311343597,2.3665866311343597,2.3665866311343597]","[0.8503777304858384,0.9119182241394188,0.874620955258461]","[31.797519636637908,30.758265565889793,37.87683268605276]","[0.49240798219153187,0.49240798219153187,0.49240798219153187]","[7.0,7.0,7.0]","[1.0,1.0,1.0]","[-249557011,-408837175,-82818507]","[52.44455323511057,49.904885449203235,41.701219486558564]","[0.8503777304858384,0.9119182241394188,0.874620955258461]","[0.048486449545245176,0.029837815104766262,0.04102699576905361]"
300,23070,1334.2552451532106,1.0,1.158018023339336,245.04113484321928,26.756999529324084,88.89200207333192,4,"[0.020236008138682364,0.020985489921596524,0.017987562789939876,0.029229789533652302]","[3.0,3.0,3.0,3.0]","[365.0,365.0,365.0,365.0]","[1.0,1.0,1.0,1.0]","[0.820682552291007,0.8401690786467751,0.8446659693442601,0.8469144146930025]","[27.30643665611078,25.79693412632209,32.177860377307184,26.20756240253739]","[1.225211428056208,1.225211428056208,1.225211428056208,1.225211428056208]","[7.0,7.0,7.0,7.0]","[1.0,1.0,1.0,1.0]","[-1811415514,850557349,-2134748840,-1403673724]","[89.41226808356821,91.6353409261784,74.60933788515857,88.37173606309565]","[0.820682552291007,0.8401690786467751,0.8446659693442601,0.8469144146930025]","[0.11542019456878089,0.10267900425924013,0.09443470464718436,0.08169351433764362]"
300,23070,1010.9566833080231,1.8750762850790386,3.303472492424815,156.8408202281667,33.84933908599244,30.710291295027893,2,"[0.022750727483931425,0.023739889548450185]","[3.0,3.0]","[365.0,365.0]","[1.8750762850790386,1.8750762850790386]","[0.906072451099182,0.9001374787120695]","[34.692019656753565,33.00665851523131]","[0.9283348790707283,0.9283348790707283]","[7.0,7.0]","[1.0,1.0]","[1291221960,-1370015492]","[30.339826544237866,31.080756045817925]","[0.906072451099182,0.9001374787120695]","[0.03066402400008149,0.02967486193556273]"
300,23070,990.6927478609541,3.2940376507688325,1.0609574109029003,69.63694672947054,37.917819363822545,18.69016352084221,7,"[0.032300630108671465,0.03835699825404736,0.026244261963295563,0.0181691044361277,0.02220668319971163,0.04037578763583933,0.03734760356315138]","[3.0,3.0,3.0,3.0,3.0,3.0,3.0]","[365.0,365.0,365.0,365.0,365.0,365.0,365.0]","[3.2940376507688325,3.2940376507688325,3.2940376507688325,3.2940376507688325,3.2940376507688325,3.2940376507688325,3.2940376507688325]","[0.9054270377336969,0.8872579332975692,0.9084552218063848,0.9074458271154889,0.9074458271154889,0.899370669588321,0.898361274897425]","[37.917819363822545,40.72955744849151,37.61604039130492,36.426973445429496,35.908720337112875,38.97793672030249,41.2569006425725]","[0.9097270411946319,0.9097270411946319,0.9097270411946319,0.9097270411946319,0.9097270411946319,0.9097270411946319,0.9097270411946319]","[7.0,7.0,7.0,7.0,7.0,7.0,7.0]","[1.0,1.0,1.0,1.0,1.0,1.0,1.0]","[-428651315,1461287153,-61171141,-1067178203,-127221179,-136065123,202148749]","[17.95662823788382,17.76628849046173,18.69016352084221,19.565404169603077,19.9485682201584,19.48458500674025,17.718395793336686]","[0.9054270377336969,0.8872579332975692,0.9084552218063848,0.9074458271154889,0.9074458271154889,0.899370669588321,0.898361274897425]","[0.010093946908959832,0.010093946908959832,0.017159709745231715,0.02220668319971163,0.023216077890607614,0.014131525672543764,0.010093946908959832]"
300,23070,507.4009077276765,4.398169303715349,3.0108461834605196,300.4377325513691,32.72690251496033,15.843092518023825,1,"[0.035474906973679776]","[3.0]","[365.0]","[4.398169303715349]","[0.9203767531504697]","[32.72690251496033]","[0.4659328812926322]","[7.0]","[1.0]","[-803661551]","[15.843092518023825]","[0.9203767531504697]","[0.00985414082602216]"
300,23070,982.1915474845291,3.5538127224326326,1.9579317955646784,331.38898855128724,37.05824213000736,14.276927180809801,5,"[0.030543940310657724,0.028507677623280544,0.03156207165434632,0.027489546279591954,0.029525808966969134]","[3.0,3.0,3.0,3.0,3.0]","[365.0,365.0,365.0,365.0,365.0]","[3.5538127224326326,3.5538127224326326,3.5538127224326326,3.5538127224326326,3.5538127224326326]","[0.9122456839449774,0.9142819466323546,0.9051187645391573,0.9173363406634204,0.9030825018517801]","[40.15437954616432,38.25927080205774,36.73606002966349,37.05824213000736,36.815589251803225]","[0.9019206129334519,0.9019206129334519,0.9019206129334519,0.9019206129334519,0.9019206129334519]","[7.0,7.0,7.0,7.0,7.0]","[1.0,1.0,1.0,1.0,1.0]","[-1835028203,-1958189409,1731550999,19728857,-1196393799]","[14.276927180809801,14.418196433537913,13.896633150330711,14.876980741530723,14.064737024270572]","[0.9122456839449774,0.9142819466323546,0.9051187645391573,0.9173363406634204,0.9030825018517801]","[0.0020362626873771817,0.010181313436885909,0.0030543940310657726,0.006108788062131545,0.0020362626873771817]"
300,23070,716.0497889420789,4.963712358863882,4.184625397360087,243.025109631545,33.19680271870633,12.258890941994737,1,"[0.02932756956890701]","[3.0]","[365.0]","[4.963712358863882]","[0.9314994715457607]","[33.19680271870633]","[0.6575296500845536]","[7.0]","[1.0]","[-1402542465]","[12.258890941994737]","[0.9314994715457607]","[0.0013965509318527149]"
300,23070,513.9760844114918,2.769975569443236,1.8326622640265757,245.07302348479527,34.67114989885803,35.23543604027864,5,"[0.011673694909112483,0.031129853090966622,0.04474916381826452,0.025293005636410383,0.025293005636410383]","[3.0,3.0,3.0,3.0,3.0]","[365.0,365.0,365.0,365.0,365.0]","[2.769975569443236,2.769975569443236,2.769975569443236,2.769975569443236,2.769975569443236]","[0.9047113554562175,0.8813639656379926,0.86969027072888,0.8891464289107341,0.8910920447289196]","[33.76168939228939,34.13451825892723,38.836094733868016,34.67114989885803,39.81118444498788]","[0.4719706927561908,0.4719706927561908,0.4719706927561908,0.4719706927561908,0.4719706927561908]","[7.0,7.0,7.0,7.0,7.0]","[1.0,1.0,1.0,1.0,1.0]","[-560545092,-1652457797,369061930,1332769212,1518946042]","[38.18721596006006,35.74126769284277,35.06066099042145,35.23543604027864,34.4299808526179]","[0.9047113554562175,0.8813639656379926,0.86969027072888,0.8891464289107341,0.8910920447289196]","[0.033075468909152035,0.04669477963644993,0.021401774000039554,0.027238621454595796,0.03502108472733745]"
300,23070,1011.6286974348507,2.3870996604311143,1.3300618038564327,341.75762612782233,36.19574877334265,24.425007257535654,5,"[0.033609169141022334,0.026689634317870675,0.03262066416628638,0.028666644267342577,0.029655149242078526]","[3.0,3.0,3.0,3.0,3.0]","[365.0,365.0,365.0,365.0,365.0]","[2.3870996604311143,2.3870996604311143,2.3870996604311143,2.3870996604311143,2.3870996604311143]","[0.9034935469086591,0.8896544772623558,0.8945970021360355,0.8827349424392041,0.9163441115802266]","[36.188750656146105,37.66322903120066,36.19574877334265,39.36602767453976,34.24849587395403]","[0.9289519719328289,0.9289519719328289,0.9289519719328289,0.9289519719328289,0.9289519719328289]","[7.0,7.0,7.0,7.0,7.0]","[1.0,1.0,1.0,1.0,1.0]","[1874585652,-408752523,659511550,1870456597,-336005265]","[24.784790541525442,22.69645286922009,24.900021658303842,23.728058223145982,24.425007257535654]","[0.9034935469086591,0.8896544772623558,0.8945970021360355,0.8827349424392041,0.9163441115802266]","[0.03163215919155043,0.023724119393662823,0.015816079595775214,0.03163215919155043,0.01878159451998307]"
300,23070,671.1909979848563,1.5491229847557952,3.164815888552941,127.62687338233184,26.399110167609663,71.2458112214127,1,"[0.017878666483948806]","[3.0]","[365.0]","[1.5491229847557952]","[0.8790344354608163]","[26.399110167609663]","[0.6163370045774621]","[7.0]","[1.0]","[1718200160]","[71.2458112214127]","[0.8790344354608163]","[0.05810566607283362]"
300,23070,995.8980055300308,3.7365686949727763,1.979994304591636,229.63477529168506,40.105073701066345,13.841192932470921,8,"[0.03815651782511189,0.03715239893497737,0.033135923374439276,0.02911944781390118,0.027111210033632132,0.04418123116591903,0.025102972253363085,0.03213180448430475]","[3.0,3.0,3.0,3.0,3.0,3.0,3.0,3.0]","[365.0,365.0,365.0,365.0,365.0,365.0,365.0,365.0]","[3.7365686949727763,3.7365686949727763,3.7365686949727763,3.7365686949727763,3.7365686949727763,3.7365686949727763,3.7365686949727763,3.7365686949727763]","[0.8926616933295913,0.9097317144618783,0.8956740499999949,0.9087275955717438,0.9067193577914746,0.8956740499999949,0.9147523089125509,0.8956740499999949]","[40.11800151468241,41.84779555581386,39.578509307147,41.70450936109497,41.24233197199606,38.95778607055038,40.09214588745027,38.61776609635303]","[0.9145068921304231,0.9145068921304231,0.9145068921304231,0.9145068921304231,0.9145068921304231,0.9145068921304231,0.9145068921304231,0.9145068921304231]","[7.0,7.0,7.0,7.0,7.0,7.0,7.0,7.0]","[1.0,1.0,1.0,1.0,1.0,1.0,1.0,1.0]","[1429789641,-1565694045,1650939422,-2140510146,-1709706590,-925805455,658666419,1701745215]","[13.5031956597937,13.861293128520638,14.029452632212967,13.821092736421205,13.874683397603762,13.421455907836059,13.914112290198117,13.36023555619431]","[0.8926616933295913,0.9097317144618783,0.8956740499999949,0.9087275955717438,0.9067193577914746,0.8956740499999949,0.9147523089125509,0.8956740499999949]","[0.0060247133408071404,0.004016475560538094,0.005020594450672617,0.0060247133408071404,0.0030123566704035702,0.0060247133408071404,0.00903707001121071,0.0060247133408071404]"
300,23070,1253.9496512832757,2.09162035728132,1.7833715280522195,50.165890232931304,35.54898297049818,32.82577437516579,5,"[0.0390765290694519,0.03508912814399763,0.032696687588725064,0.032696687588725064,0.030304247033452497]","[3.0,3.0,3.0,3.0,3.0]","[365.0,365.0,365.0,365.0,365.0]","[2.09162035728132,2.09162035728132,2.09162035728132,2.09162035728132,2.09162035728132]","[0.875633243229759,0.8724433224893956,0.8883929261912127,0.8708483621192139,0.8923803271166669]","[35.54898297049818,36.466010305403216,34.503603452873705,38.534667298195124,34.98494497730015]","[1.1514689176154964,1.1514689176154964,1.1514689176154964,1.1514689176154964,1.1514689176154964]","[7.0,7.0,7.0,7.0,7.0]","[1.0,1.0,1.0,1.0,1.0]","[362153011,-1729931001,-65770813,-279182372,1301473037]","[36.36279004856038,32.78525240240165,32.82577437516579,31.950941858068145,33.077040060428345]","[0.875633243229759,0.8724433224893956,0.8883929261912127,0.8708483621192139,0.8923803271166669]","[0.024721885737816512,0.03668408851417934,0.03189920740363421,0.032696687588725064,0.026316846107998223]"
300,23070,1068.2964607110803,3.3982252482915496,4.538975582620348,257.5522783027312,38.11876279961656,13.333407285287588,6,"[0.02901816222377612,0.024337813478005777,0.03837885971531681,0.03650672021700867,0.028082092474622053,0.03089030172208426]","[3.0,3.0,3.0,3.0,3.0,3.0]","[365.0,365.0,365.0,365.0,365.0,365.0]","[3.3982252482915496,3.3982252482915496,3.3982252482915496,3.3982252482915496,3.3982252482915496,3.3982252482915496]","[0.9014351684353679,0.916412284421833,0.9107958659269085,0.8958187499404434,0.9098597961777545,0.8976908894387516]","[40.996185676628755,38.51974344817529,37.71778215105783,37.44039205785775,34.85617932588816,40.29946251922484]","[0.9809884855014511,0.9809884855014511,0.9809884855014511,0.9809884855014511,0.9809884855014511,0.9809884855014511]","[7.0,7.0,7.0,7.0,7.0,7.0]","[1.0,1.0,1.0,1.0,1.0,1.0]","[-1164730791,1860164854,-704852311,915663357,-731306234,-612821156]","[13.131281984735322,13.21169288413364,13.564709358582615,13.279709442846523,13.387105127728654,13.589400663004303]","[0.9014351684353679,0.916412284421833,0.9107958659269085,0.8958187499404434,0.9098597961777545,0.8976908894387516]","[0.00561641849492441,0.007488557993232547,0.0037442789966162736,0.008424627742386616,0.007488557993232547,0.007488557993232547]"
300,23070,1076.3909516524625,1.6728637210403259,1.0,93.84862082207877,25.682013180267226,85.38132728455354,1,"[0.014864487643116093]","[3.0]","[365.0]","[1.6728637210403259]","[0.8305532470591117]","[25.682013180267226]","[0.9884214432070363]","[7.0]","[1.0]","[-667651481]","[85.38132728455354]","[0.8305532470591117]","[0.12170299257801301]"
300,23070,594.3561912017902,1.0,1.4904925634947581,214.09197167326172,11.297796421316875,403.6475372639717,4,"[0.0,0.0,0.0,0.0]","[3.0,3.0,3.0,3.0]","[365.0,365.0,365.0,365.0]","[1.0,1.0,1.0,1.0]","[0.16320179958732434,0.15815432124957204,0.14469437901556592,0.13123443678155977]","[10.730605828792774,12.12408868521422,11.75776197662219,10.83783086601156]","[0.5457816264479249,0.5457816264479249,0.5457816264479249,0.5457816264479249]","[7.0,7.0,7.0,7.0]","[1.0,1.0,1.0,1.0]","[-2124793335,468059546,1347680493,-1098228074]","[399.2954527561246,404.26692087651577,403.02815365142754,413.98589408948766]","[0.16320179958732434,0.15815432124957204,0.14469437901556592,0.13123443678155977]","[0.8361989112876309,0.8412463896253832,0.8547063318593894,0.8681662740933955]"
300,23070,915.2753389730065,3.8705506751485306,1.4240084442105791,277.1576830388851,37.92818442733091,13.978713408391537,5,"[0.034962156891396104,0.027314185071403204,0.037147291697108356,0.034962156891396104,0.028406752474259334]","[3.0,3.0,3.0,3.0,3.0]","[365.0,365.0,365.0,365.0,365.0]","[3.8705506751485306,3.8705506751485306,3.8705506751485306,3.8705506751485306,3.8705506751485306]","[0.9133863487877232,0.9090160791762987,0.9035532421620179,0.9177566183991477,0.9079235117734425]","[37.72409616306285,36.803696972516235,38.68011935881612,38.57454222752469,37.92818442733091]","[0.8404732221974348,0.8404732221974348,0.8404732221974348,0.8404732221974348,0.8404732221974348]","[7.0,7.0,7.0,7.0,7.0]","[1.0,1.0,1.0,1.0,1.0]","[-391975770,922506343,243073640,1847929576,-2015246274]","[13.255508510077401,13.771454773560599,14.4340839875352,13.978713408391537,14.287431766387535]","[0.9133863487877232,0.9090160791762987,0.9035532421620179,0.9177566183991477,0.9079235117734425]","[0.006555404417136769,0.005462837014280641,0.005462837014280641,0.005462837014280641,0.0010925674028561282]"
300,23070,737.409636787888,1.371611274056446,2.44986715201318,297.9258880772896,26.90010838626975,70.97296947679249,1,"[0.02576586886328589]","[3.0]","[365.0]","[1.371611274056446]","[0.8475614757659833]","[26.90010838626975]","[0.6771438354342405]","[7.0]","[1.0]","[1328043719]","[70.97296947679249]","[0.8475614757659833]","[0.07865370495108324]"
300,23070,981.6981452046061,1.4376922318383434,2.783717599581015,5.756904709321832,18.723858314425144,148.6603533010201,2,"[0.027503362547733695,0.011205073630558173]","[3.0,3.0]","[365.0,365.0]","[1.4376922318383434,1.4376922318383434]","[0.8200076611453935,0.7680568652218965]","[19.00231222842644,18.445404400423847]","[0.9014675346231461,0.9014675346231461]","[7.0,7.0]","[1.0,1.0]","[1990756257,-1780864513]","[152.44033004268005,144.88037655936014]","[0.8200076611453935,0.7680568652218965]","[0.10390159184699396,0.19761675312075322]"
300,23070,1187.3264541745752,4.124937404102521,2.6307234376758304,135.3544977117938,38.6570310295267,12.368882720210431,6,"[0.02610907883927431,0.03790027573443045,0.03116244893719837,0.03537359068546842,0.03453136233581441,0.03032022058754436]","[3.0,3.0,3.0,3.0,3.0,3.0]","[365.0,365.0,365.0,365.0,365.0,365.0]","[4.124937404102521,4.124937404102521,4.124937404102521,4.124937404102521,4.124937404102521,4.124937404102521]","[0.9155022160739088,0.8969731923815206,0.9020265624794447,0.8936042789829046,0.8961309640318667,0.9222400428711409]","[36.38777674296394,39.47297661653328,42.097543725936504,38.646709436083725,38.66735262296967,37.5122431011602]","[1.0902905915285357,1.0902905915285357,1.0902905915285357,1.0902905915285357,1.0902905915285357,1.0902905915285357]","[7.0,7.0,7.0,7.0,7.0,7.0]","[1.0,1.0,1.0,1.0,1.0,1.0]","[2121042409,-1567701548,-636229931,935598950,-1061122614,-1116589683]","[12.089349666812806,12.940532766303175,12.594580186166883,12.347657814149365,12.18065147413941,12.390107626271497]","[0.9155022160739088,0.8969731923815206,0.9020265624794447,0.8936042789829046,0.8961309640318667,0.9222400428711409]","[0.00252668504896203,0.005895598447578069,0.00926451184619411,0.00505337009792406,0.00505337009792406,0.00505337009792406]"
300,23070,1457.4663450842413,4.897366618535036,4.194340925347074,96.56278944237566,35.775187513567154,11.08112352294233,1,"[0.03499223167108686]","[3.0]","[365.0]","[4.897366618535036]","[0.908425779069]","[35.775187513567154]","[1.338352933961654]","[7.0]","[1.0]","[140103445]","[11.08112352294233]","[0.908425779069]","[0.0020583665688874626]"
300,23070,654.110114579262,2.4076394529525187,4.131371747152638,343.9241483237892,34.30362929077169,27.734461225460713,3,"[0.018345534998673217,0.04433504291346028,0.021403124165118755]","[3.0,3.0,3.0]","[365.0,365.0,365.0]","[2.4076394529525187,2.4076394529525187,2.4076394529525187]","[0.903517598684656,0.8775280907698689,0.9172767499336609]","[34.30362929077169,35.56724734501973,32.01705088794217]","[0.6006520795034546,0.6006520795034546,0.6006520795034546]","[7.0,7.0,7.0]","[1.0,1.0,1.0]","[-2142705042,34841385,1258225661]","[27.115730325864916,28.449981985153045,27.734461225460713]","[0.903517598684656,0.8775280907698689,0.9172767499336609]","[0.025989507914787057,0.025989507914787057,0.021403124165118755]"
300,23070,500.0,1.2202047195685137,1.0,230.57434029902697,10.87605461003899,403.581485325839,3,"[0.0,0.0,0.0]","[3.0,3.0,3.0]","[365.0,365.0,365.0]","[1.2202047195685137,1.2202047195685137,1.2202047195685137]","[0.154,0.162,0.158]","[10.87605461003899,10.302266508984198,12.312517002807317]","[0.4591368227731864,0.4591368227731864,0.4591368227731864]","[7.0,7.0,7.0]","[1.0,1.0,1.0]","[-1026437172,-380076309,-1794501994]","[414.34070837804785,401.4127083780476,403.581485325839]","[0.154,0.162,0.158]","[0.846,0.838,0.842]"
300,23070,935.1091149128963,4.86211024840682,4.7985144222440415,162.5732205593158,40.507629734865105,11.845581181904771,6,"[0.03422060537072269,0.03635939320639286,0.0267348479458771,0.040636968877733194,0.03208181753505252,0.03528999928855777]","[3.0,3.0,3.0,3.0,3.0,3.0]","[365.0,365.0,365.0,365.0,365.0,365.0]","[4.86211024840682,4.86211024840682,4.86211024840682,4.86211024840682,4.86211024840682,4.86211024840682]","[0.9089848301598215,0.9121930119133267,0.9047072544884811,0.9004296788171408,0.9014990727349759,0.9121930119133267]","[39.30046828552972,39.75828563639742,41.29018900127405,41.20891249623692,42.77840201783347,39.806346973493284]","[0.8586860559347074,0.8586860559347074,0.8586860559347074,0.8586860559347074,0.8586860559347074,0.8586860559347074]","[7.0,7.0,7.0,7.0,7.0,7.0]","[1.0,1.0,1.0,1.0,1.0,1.0]","[-1311417318,246928842,-231136540,-1770161628,-1869082449,-266695606]","[11.840623042426266,11.854981037761299,11.64643399094227,11.850539321383277,12.090162525452078,11.650207217522613]","[0.9089848301598215,0.9121930119133267,0.9047072544884811,0.9004296788171408,0.9014990727349759,0.9121930119133267]","[0.001069393917835084,0.003208181753505252,0.001069393917835084,0.004277575671340336,0.003208181753505252,0.003208181753505252]"
300,23070,970.5397036985336,4.580751151172665,3.9753263941449175,186.12970149445403,40.165763495779515,12.058970103039945,7,"[0.03812311836290712,0.026789218309069867,0.03297134561116291,0.024728509208372187,0.03194099106081407,0.02884992740976755,0.03400170016151176]","[3.0,3.0,3.0,3.0,3.0,3.0,3.0]","[365.0,365.0,365.0,365.0,365.0,365.0,365.0]","[4.580751151172665,4.580751151172665,4.580751151172665,4.580751151172665,4.580751151172665,4.580751151172665,4.580751151172665]","[0.8902263315013986,0.9118637770587243,0.9221673225622128,0.9067120043069802,0.8943477497027941,0.8964084588034917,0.9036209406559336]","[38.016282759835896,40.60195096232403,38.38311553632157,42.81862211193365,40.165763495779515,42.62033726007315,37.65546034094955]","[0.8912210318627489,0.8912210318627489,0.8912210318627489,0.8912210318627489,0.8912210318627489,0.8912210318627489,0.8912210318627489]","[7.0,7.0,7.0,7.0,7.0,7.0,7.0]","[1.0,1.0,1.0,1.0,1.0,1.0,1.0]","[-893129585,-2013095942,-320566418,-333271038,85089446,1343781863,-875186232]","[12.058970103039945,12.294044472771587,12.17470757827671,11.696289566907577,12.036540337893234,12.330622406447315,11.825743794921019]","[0.8902263315013986,0.9118637770587243,0.9221673225622128,0.9067120043069802,0.8943477497027941,0.8964084588034917,0.9036209406559336]","[0.001030354550348841,0.0030910636510465233,0.001030354550348841,0.0030910636510465233,0.005151772751744206,0.007212481852441888,0.005151772751744206]"
300,23070,1278.7482253915584,4.96488880973495,2.1349165699852137,360.0,36.63435491454428,11.110321248925093,2,"[0.02971656127879609,0.028934546508301455]","[3.0,3.0]","[365.0,365.0]","[4.96488880973495,4.96488880973495]","[0.9040090746917968,0.9173033257902056]","[37.547340712550415,35.72136911653815]","[1.1742407946662612,1.1742407946662612]","[7.0,7.0]","[1.0,1.0]","[358499542,-512582588]","[11.446443908697912,10.774198589152276]","[0.9040090746917968,0.9173033257902056]","[0.001564029540989268,0.002346044311483902]"
300,23070,1098.007325529905,4.986021935676309,4.490489508022596,352.49234728963546,38.587565012572476,11.24667545659564,3,"[0.028232962822027814,0.04098333312875005,0.03825111092016671]","[3.0,3.0,3.0]","[365.0,365.0,365.0]","[4.986021935676309,4.986021935676309,4.986021935676309]","[0.9216696250287789,0.9098299954582512,0.8916151807343622]","[38.587565012572476,36.964750188597336,42.86843085456126]","[1.0082711896509688,1.0082711896509688,1.0082711896509688]","[7.0,7.0,7.0]","[1.0,1.0,1.0]","[153789625,-888421424,-1477407887]","[11.24667545659564,11.179664041912801,11.779114941693566]","[0.9216696250287789,0.9098299954582512,0.8916151807343622]","[0.0027322222085833367,0.003642962944777782,0.001821481472388891]"
300,23070,897.6054361134748,3.959715267634786,3.6131111170204604,286.3898994637599,36.38085978037977,12.895954652394249,3,"[0.031194106980052042,0.03342225747862719,0.027851881232189322]","[3.0,3.0,3.0]","[365.0,365.0,365.0]","[3.959715267634786,3.959715267634786,3.959715267634786]","[0.910199478667947,0.8990587261750713,0.9068572529200843]","[36.38085978037977,43.01643073771921,36.29485599979034]","[0.8242474160821623,0.8242474160821623,0.8242474160821623]","[7.0,7.0,7.0]","[1.0,1.0,1.0]","[993110879,-1598752252,-143367514]","[12.895954652394249,12.842496122023316,13.665603116116674]","[0.910199478667947,0.8990587261750713,0.9068572529200843]","[0.0033422257478627187,0.0,0.008912601994300584]"
300,23070,654.1100919479298,2.4076394529525187,4.131372646138115,343.9241483237891,31.299894730092653,27.66353427316194,1,"[0.025989508813989187]","[3.0]","[365.0]","[2.4076394529525187]","[0.9172767816702065]","[31.299894730092653]","[0.6006520587216987]","[7.0]","[1.0]","[-1576049676]","[27.66353427316194]","[0.9172767816702065]","[0.019874330269521144]"
300,23070,1019.3202954000582,4.584633087833178,4.6851841895046205,205.4733863093651,40.71564335562097,12.04883513374753,7,"[0.02943137710038996,0.03629869842381428,0.026488239390350964,0.03335556071377529,0.026488239390350964,0.03237451481042895,0.027469285293697295]","[3.0,3.0,3.0,3.0,3.0,3.0,3.0]","[365.0,365.0,365.0,365.0,365.0,365.0,365.0]","[4.584633087833178,4.584633087833178,4.584633087833178,4.584633087833178,4.584633087833178,4.584633087833178,4.584633087833178]","[0.9202210573388594,0.8986380474652401,0.9035432769819717,0.904524322885318,0.8966759556585474,0.9055053687886644,0.9094295524020497]","[37.35765373628379,40.423667510095484,40.99821808743359,40.12714632143045,41.96937241601032,44.10203563761996,40.71564335562097]","[0.936014963636417,0.936014963636417,0.936014963636417,0.936014963636417,0.936014963636417,0.936014963636417,0.936014963636417]","[7.0,7.0,7.0,7.0,7.0,7.0,7.0]","[1.0,1.0,1.0,1.0,1.0,1.0,1.0]","[-1839856767,-138107685,425690315,-2067241554,-1482025917,1510326005,2058961922]","[11.478387132946994,12.088714421412648,11.830386937477972,11.976600734361817,12.143266218484383,12.135091274015618,12.04883513374753]","[0.9202210573388594,0.8986380474652401,0.9035432769819717,0.904524322885318,0.8966759556585474,0.9055053687886644,0.9094295524020497]","[0.003924183613385328,0.0,9.81045903346332E-4,0.00490522951673166,0.001962091806692664,9.81045903346332E-4,0.001962091806692664]"
300,23070,1150.6341085644467,4.8970919508652395,4.194340925347074,319.74873976289325,41.52363096177501,11.683388455178786,6,"[0.028679838146960058,0.027810752142506723,0.0321561821647734,0.029548924151413393,0.0321561821647734,0.03389435417368007]","[3.0,3.0,3.0,3.0,3.0,3.0]","[365.0,365.0,365.0,365.0,365.0,365.0]","[4.8970919508652395,4.8970919508652395,4.8970919508652395,4.8970919508652395,4.8970919508652395,4.8970919508652395]","[0.9073257886492818,0.9012421866181085,0.8986349286047485,0.9229693367294419,0.8968967565958418,0.8960276705913885]","[37.90970255234231,41.810475320484294,42.188292283072165,41.12916311964495,42.02098866170303,41.23678660306573]","[1.0565969775614754,1.0565969775614754,1.0565969775614754,1.0565969775614754,1.0565969775614754,1.0565969775614754]","[7.0,7.0,7.0,7.0,7.0,7.0]","[1.0,1.0,1.0,1.0,1.0,1.0]","[1341190799,-1285869990,-2127909122,-960019958,-885321951,1495197028]","[11.414150915951582,11.609374470588477,12.148733976012151,11.497428500805057,11.757402439769093,11.804275428233355]","[0.9073257886492818,0.9012421866181085,0.8986349286047485,0.9229693367294419,0.8968967565958418,0.8960276705913885]","[0.0043454300222666754,0.006083602031173346,0.0034763440178133403,8.690860044533351E-4,0.0034763440178133403,0.006083602031173346]"
300,23070,1410.5847076623418,5.0,1.0,268.4931317667923,38.86486938453089,11.156347395490325,4,"[0.02693918330007604,0.03402844206325394,0.02623025742375825,0.028357035052711622]","[3.0,3.0,3.0,3.0]","[365.0,365.0,365.0,365.0]","[5.0,5.0,5.0,5.0]","[0.9109697510683609,0.910260825192043,0.9187679357078565,0.9173500839552209]","[39.16687180784226,38.56286696121951,36.597231593591545,42.852298421642864]","[1.2953027618570632,1.2953027618570632,1.2953027618570632,1.2953027618570632]","[7.0,7.0,7.0,7.0]","[1.0,1.0,1.0,1.0]","[-148723097,717190926,2077960348,1155920671]","[11.151148295380436,11.122678380444036,11.404345539815655,11.161546495600213]","[0.9109697510683609,0.910260825192043,0.9187679357078565,0.9173500839552209]","[0.004253555257906743,0.003544629381588953,0.004253555257906743,0.001417851752635581]"
300,23070,1500.0,4.638034759635666,1.0,210.03689543263278,39.668914352358705,11.452192263723784,5,"[0.034666666666666665,0.04066666666666666,0.03333333333333333,0.03133333333333333,0.03666666666666667]","[3.0,3.0,3.0,3.0,3.0]","[365.0,365.0,365.0,365.0,365.0]","[4.638034759635666,4.638034759635666,4.638034759635666,4.638034759635666,4.638034759635666]","[0.9073333333333333,0.9066666666666666,0.8986666666666666,0.91,0.904]","[39.668914352358705,37.78506028809708,44.504187374817114,39.62421080440443,41.45424768569204]","[1.3774104683195592,1.3774104683195592,1.3774104683195592,1.3774104683195592,1.3774104683195592]","[7.0,7.0,7.0,7.0,7.0]","[1.0,1.0,1.0,1.0,1.0]","[-1263416702,1888074767,686506545,-450446071,-501390352]","[11.452192263723784,11.341647533865222,11.751952178071292,11.388016077965856,11.489728913125784]","[0.9073333333333333,0.9066666666666666,0.8986666666666666,0.91,0.904]","[0.0026666666666666666,0.0026666666666666666,0.002,0.002,0.004]"
300,23070,522.4555554090861,3.1762197070129594,1.3196064776355927,269.01923632289544,29.907665462439745,37.30033992685028,1,"[0.04019480658705383]","[3.0]","[365.0]","[3.1762197070129594]","[0.870887476052833]","[29.907665462439745]","[0.4797571675014564]","[7.0]","[1.0]","[-63988193]","[37.30033992685028]","[0.870887476052833]","[0.044022883404868485]"
300,23070,783.1393474272561,4.330473429483594,4.459307277401777,64.95704603607376,39.09476868491148,13.170741113446047,7,"[0.04469191864127484,0.040861182757736994,0.026815151184764904,0.04469191864127484,0.020430591378868497,0.03192279902948203,0.026815151184764904]","[3.0,3.0,3.0,3.0,3.0,3.0,3.0]","[365.0,365.0,365.0,365.0,365.0,365.0,365.0]","[4.330473429483594,4.330473429483594,4.330473429483594,4.330473429483594,4.330473429483594,4.330473429483594,4.330473429483594]","[0.9053305804761104,0.890007636941959,0.921930435971441,0.8963921967478553,0.912992052243186,0.9078844043984688,0.9078844043984688]","[42.13516467592957,37.59135626598769,34.656093920146475,39.11848819109842,38.723977175553735,39.453478365397906,39.09476868491148]","[0.7191362235328339,0.7191362235328339,0.7191362235328339,0.7191362235328339,0.7191362235328339,0.7191362235328339,0.7191362235328339]","[7.0,7.0,7.0,7.0,7.0,7.0,7.0]","[1.0,1.0,1.0,1.0,1.0,1.0,1.0]","[-506227795,645156000,1996553843,1664400840,43866608,51477724,1988464912]","[13.170741113446047,13.092208039802868,13.15507311673947,13.569740092854488,12.621890079216632,13.82394244986929,13.389178877419535]","[0.9053305804761104,0.890007636941959,0.921930435971441,0.8963921967478553,0.912992052243186,0.9078844043984688,0.9078844043984688]","[0.007661471767075686,0.010215295689434249,0.005107647844717124,0.010215295689434249,0.010215295689434249,0.002553823922358562,0.010215295689434249]"
300,23070,848.5667608539627,4.570648086004006,1.9245560702172746,75.00599888345529,37.43666750715809,12.830715264141418,4,"[0.03888910280528801,0.03181835684069019,0.02828298385839128,0.032996814501456494]","[3.0,3.0,3.0,3.0]","[365.0,365.0,365.0,365.0]","[4.570648086004006,4.570648086004006,4.570648086004006,4.570648086004006]","[0.9121262294331187,0.9062339411292872,0.9144831447546513,0.9109477717723524]","[38.57893718352889,39.996911256651366,35.803350541042384,36.2943978307873]","[0.7792164929788454,0.7792164929788454,0.7792164929788454,0.7792164929788454]","[7.0,7.0,7.0,7.0]","[1.0,1.0,1.0,1.0]","[-7847772,-1886410202,545567695,1895605125]","[13.097835308330987,12.994677540655687,12.666752987627149,12.64444901768788]","[0.9121262294331187,0.9062339411292872,0.9144831447546513,0.9109477717723524]","[0.0047138306430652135,0.00353537298229891,0.00707074596459782,0.00707074596459782]"
300,23070,1361.1623579114262,4.52393387948481,4.983810675338404,259.0122685763662,38.374097333877344,11.383819332603775,3,"[0.031590647324378995,0.02130532028853467,0.03232531354122502]","[3.0,3.0,3.0]","[365.0,365.0,365.0]","[4.52393387948481,4.52393387948481,4.52393387948481]","[0.8984967832026863,0.920536769708067,0.9095167764553767]","[41.59018853182342,37.615272807885745,38.374097333877344]","[1.249919520579822,1.249919520579822,1.249919520579822]","[7.0,7.0,7.0]","[1.0,1.0,1.0]","[1026230568,151563811,448908704]","[11.514710060976366,11.383819332603775,11.320777759152332]","[0.8984967832026863,0.920536769708067,0.9095167764553767]","[0.0036733310842301157,0.005142663517922162,0.0029386648673840926]"
300,23070,670.1016331474157,4.890262595482925,4.142588295732979,178.95271888050644,33.998525373206604,13.153903543427024,2,"[0.040292395458257704,0.03432315168666397]","[3.0,3.0]","[365.0,365.0]","[4.890262595482925,4.890262595482925]","[0.9177712298825366,0.9192635408254349]","[32.12957111899558,35.86747962741762]","[0.6153366695568555,0.6153366695568555]","[7.0,7.0]","[1.0,1.0]","[-1846001701,445311450]","[12.93347892914954,13.37432815770451]","[0.9177712298825366,0.9192635408254349]","[0.005969243771593733,0.0029846218857968666]"
300,23070,1228.4620112581242,4.42422474600038,1.3089822228256862,109.97837141557206,34.14221391313182,11.658026785318706,1,"[0.03825922134284409]","[3.0]","[365.0]","[4.42422474600038]","[0.9141511822981683]","[34.14221391313182]","[1.1280642894932271]","[7.0]","[1.0]","[1099943372]","[11.658026785318706]","[0.9141511822981683]","[0.0040701299300897964]"
300,23070,1088.125520081629,4.945286130461837,3.7003308974342737,212.38824728413968,37.44939278586123,11.573715897523773,4,"[0.03308441842012799,0.022056278946751995,0.027570348683439994,0.03767947653403466]","[3.0,3.0,3.0,3.0]","[365.0,365.0,365.0,365.0]","[4.945286130461837,4.945286130461837,4.945286130461837,4.945286130461837]","[0.8960363322117998,0.9162545879129892,0.9033884251940505,0.9015504019484878]","[41.1198700025595,37.183618532733604,37.175225412268915,37.71516703898885]","[0.9991969881374004,0.9991969881374004,0.9991969881374004,0.9991969881374004]","[7.0,7.0,7.0,7.0]","[1.0,1.0,1.0,1.0]","[-1295968312,-994197758,299383656,-109155285]","[11.623615717253236,11.523816077794311,11.73178214461525,11.450444819254349]","[0.8960363322117998,0.9162545879129892,0.9033884251940505,0.9015504019484878]","[0.004595058113906666,0.0027570348683439994,0.004595058113906666,0.0027570348683439994]"
300,23070,1172.9990352027849,4.181002074872946,1.2691882818636646,360.0,37.02611788226601,11.948887374698401,3,"[0.032395593567927074,0.02728049984667543,0.03324810918813568]","[3.0,3.0,3.0]","[365.0,365.0,365.0]","[4.181002074872946,4.181002074872946,4.181002074872946]","[0.9028140418009151,0.9164542917242527,0.9147492604838355]","[40.13113334223474,36.80607005270554,37.02611788226601]","[1.0771341002780392,1.0771341002780392,1.0771341002780392]","[7.0,7.0,7.0]","[1.0,1.0,1.0]","[1212618827,1122707880,300816409]","[11.891833130642627,11.948887374698401,12.277707226015712]","[0.9028140418009151,0.9164542917242527,0.9147492604838355]","[0.0025575468606258214,0.005115093721251643,0.003410062480834429]"
300,23070,751.4795877106749,4.1906670272265885,2.3907474979269425,360.0,36.18414558721576,12.988062187184491,3,"[0.03459841148740581,0.03592911962153681,0.03592911962153681]","[3.0,3.0,3.0]","[365.0,365.0,365.0]","[4.1906670272265885,4.1906670272265885,4.1906670272265885]","[0.9221807369527781,0.8968972824042892,0.8995586986725512]","[35.490006259912505,36.18414558721576,40.42565267564137]","[0.6900639005607666,0.6900639005607666,0.6900639005607666]","[7.0,7.0,7.0]","[1.0,1.0,1.0]","[1461946717,803304429,-1746560302]","[13.858406733534844,12.988062187184491,12.786099763340294]","[0.9221807369527781,0.8968972824042892,0.8995586986725512]","[0.003992124402392979,0.0053228325365239715,0.0026614162682619858]"
300,23070,1167.943452094536,4.56403130648883,3.816735967679873,113.64423344508111,35.570739213299476,11.264153291115306,1,"[0.029110998429783534]","[3.0]","[365.0]","[4.56403130648883]","[0.9195650680466917]","[35.570739213299476]","[1.072491691546865]","[7.0]","[1.0]","[-1176463818]","[11.264153291115306]","[0.9195650680466917]","[0.002568617508510312]"
300,23070,1477.0800239704738,5.0,5.0,214.26643367309964,38.76289194437654,11.172059473459768,3,"[0.025726432815639785,0.025049421425754528,0.03046551254483659]","[3.0,3.0,3.0]","[365.0,365.0,365.0]","[5.0,5.0,5.0]","[0.9159964105147534,0.9031331941069336,0.9139653763450977]","[37.721512555162846,38.76289194437654,41.0049518509428]","[1.3563636583750907,1.3563636583750907,1.3563636583750907]","[7.0,7.0,7.0]","[1.0,1.0,1.0]","[-10313133,-843401766,-1144235647]","[11.172059473459768,11.117030283397597,11.351635720862266]","[0.9159964105147534,0.9031331941069336,0.9139653763450977]","[0.0033850569494262876,0.005416091119082061,0.0033850569494262876]"
300,23070,1015.8926604032381,4.673883184190807,4.64761961761342,47.1964273369111,36.37398736047527,11.727215994403892,2,"[0.03838988263240305,0.034452458772669406]","[3.0,3.0]","[365.0,365.0]","[4.673883184190807,4.673883184190807]","[0.9144666914231393,0.9203728272127398]","[36.30947936706922,36.438495353881315]","[0.9328674567522848,0.9328674567522848]","[7.0,7.0]","[1.0,1.0]","[-455254631,-2096239801]","[11.78117223316806,11.673259755639721]","[0.9144666914231393,0.9203728272127398]","[0.004921779824667058,0.001968711929866823]"
300,23070,1077.7788199769298,4.032286408230286,4.911341675550915,233.2094066631169,39.65812600621651,12.100608243589726,7,"[0.035257697864960275,0.026907190475890734,0.029690692938913917,0.025979356321549674,0.03618553201930133,0.031546361247596036,0.025979356321549674]","[3.0,3.0,3.0,3.0,3.0,3.0,3.0]","[365.0,365.0,365.0,365.0,365.0,365.0,365.0]","[4.032286408230286,4.032286408230286,4.032286408230286,4.032286408230286,4.032286408230286,4.032286408230286,4.032286408230286]","[0.9074218029455565,0.9222671494150135,0.9083496370998976,0.9092774712542386,0.9064939687912155,0.914844476180285,0.9055661346368744]","[39.66213787990674,35.99443110070652,39.65812600621651,37.03843174743546,42.732277661524634,37.99610296527686,41.52803399719664]","[0.9896958861128832,0.9896958861128832,0.9896958861128832,0.9896958861128832,0.9896958861128832,0.9896958861128832,0.9896958861128832]","[7.0,7.0,7.0,7.0,7.0,7.0,7.0]","[1.0,1.0,1.0,1.0,1.0,1.0,1.0]","[-1878152550,1520560814,-20931225,1603765750,-1236668749,1168420041,-253889923]","[12.100608243589726,12.177205503188137,12.092400554521653,11.84037135944697,12.228062375564997,12.681856837615571,12.071767222374095]","[0.9074218029455565,0.9222671494150135,0.9083496370998976,0.9092774712542386,0.9064939687912155,0.914844476180285,0.9055661346368744]","[9.278341543410599E-4,0.0027835024630231795,0.006494839080387419,0.0037113366173642396,0.004639170771705299,0.0037113366173642396,0.0037113366173642396]"
300,23070,622.7501136151415,4.1813659628891395,4.1248000269843645,208.6496921062584,35.75509200246149,14.65813985469092,4,"[0.051384976574690676,0.02248092725142717,0.05459653761060884,0.03211561035918167]","[3.0,3.0,3.0,3.0]","[365.0,365.0,365.0,365.0]","[4.1813659628891395,4.1813659628891395,4.1813659628891395,4.1813659628891395]","[0.8703330407338233,0.9249295783444321,0.8847850653954551,0.8896024069493323]","[36.29772539247016,34.92987459433603,39.046100152722836,35.212458612452814]","[0.5718550170937938,0.5718550170937938,0.5718550170937938,0.5718550170937938]","[7.0,7.0,7.0,7.0]","[1.0,1.0,1.0,1.0]","[1562458792,1738942521,-1456516367,-991776156]","[14.564460430668051,14.598508170241251,14.870905774486406,14.717771539140587]","[0.8703330407338233,0.9249295783444321,0.8847850653954551,0.8896024069493323]","[0.011240463625713584,0.014452024661631752,0.004817341553877251,0.011240463625713584]"
300,23070,1413.9692856310978,4.532943209302823,4.118808190968915,336.2961154097747,35.69124258481542,11.171436207767579,1,"[0.03606867597356412]","[3.0]","[365.0]","[4.532943209302823]","[0.9045458151017355]","[35.69124258481542]","[1.2984107306070687]","[7.0]","[1.0]","[1263583343]","[11.171436207767579]","[0.9045458151017355]","[0.00495060258460684]"
300,23070,1150.1790696836174,4.858648855462295,1.6309697481890604,44.11126818678657,34.67282649630483,11.555601566285075,1,"[0.030430044262262167]","[3.0]","[365.0]","[4.858648855462295]","[0.9181179068842529]","[34.67282649630483]","[1.056179127349511]","[7.0]","[1.0]","[282390365]","[11.555601566285075]","[0.9181179068842529]","[0.004347149180323167]"
300,23070,1361.0772087922796,4.523933879338631,4.983775080514316,259.0122085798309,38.77824996031402,11.572756643807745,5,"[0.0404091697698788,0.03453147234880552,0.03820503323697632,0.036735608881708,0.024980214039561438]","[3.0,3.0,3.0,3.0,3.0]","[365.0,365.0,365.0,365.0,365.0]","[4.523933879338631,4.523933879338631,4.523933879338631,4.523933879338631,4.523933879338631]","[0.9088389637334559,0.9073695393781875,0.8985529932465777,0.9036959784900168,0.9161860855097975]","[40.96170655805051,38.43337652323897,38.77824996031402,38.31857124949382,41.300375814997466]","[1.2498413303877682,1.2498413303877682,1.2498413303877682,1.2498413303877682,1.2498413303877682]","[7.0,7.0,7.0,7.0,7.0]","[1.0,1.0,1.0,1.0,1.0]","[695889976,-1652776024,-691264267,221280705,2033663851]","[11.572756643807745,11.38757950583575,11.516477258958885,11.589331572935917,11.58438215010169]","[0.9088389637334559,0.9073695393781875,0.8985529932465777,0.9036959784900168,0.9161860855097975]","[0.00146942435526832,0.0036735608881707997,0.00514298524343912,0.00293884871053664,0.00293884871053664]"
300,23070,1035.3223983203552,4.701521871742347,1.7439440768835368,71.03895021772294,37.030892266759984,11.901704180318324,3,"[0.03766942554635276,0.03284001201476908,0.036703542840036026]","[3.0,3.0,3.0]","[365.0,365.0,365.0]","[4.701521871742347,4.701521871742347,4.701521871742347]","[0.9156568055882672,0.9108273920566835,0.8973050341682491]","[37.030892266759984,39.34964407196424,36.94112722853245]","[0.9507092730214465,0.9507092730214465,0.9507092730214465]","[7.0,7.0,7.0]","[1.0,1.0,1.0]","[2050747005,1076903743,1743416151]","[11.901704180318324,12.781338707073342,11.770402815351247]","[0.9156568055882672,0.9108273920566835,0.8973050341682491]","[0.0019317654126334751,0.004829413531583688,0.004829413531583688]"
300,23070,1368.3768012337464,4.45146083773518,4.0753953317985,163.60060569422282,38.578871412530404,11.453613489309175,4,"[0.028500921650262627,0.02703933592460813,0.03727043600418959,0.03288567882722611]","[3.0,3.0,3.0,3.0]","[365.0,365.0,365.0,365.0]","[4.45146083773518,4.45146083773518,4.45146083773518,4.45146083773518]","[0.920799007162331,0.8944904641005501,0.9054523570429588,0.9054523570429588]","[37.7369557678036,43.66638194904822,36.40681456764811,39.420787057257215]","[1.2565443537499967,1.2565443537499967,1.2565443537499967,1.2565443537499967]","[7.0,7.0,7.0,7.0]","[1.0,1.0,1.0,1.0]","[-1557218783,179184841,-1583771185,1372454526]","[11.080629547528595,11.866216233653153,11.329014089558395,11.578212889059955]","[0.920799007162331,0.8944904641005501,0.9054523570429588,0.9054523570429588]","[0.003653964314136234,0.0065771357654452215,0.005115550039790728,0.005115550039790728]"
