X.step.,meanI,SdI,meanS,SdS,meanE,SdE,meanR,SdR
0,0.01,0,0.99,0,0,0,0,0
1,0.01,0,0.99,0,0,0,0,0
2,0.01,0,0.99,0,0,0,0,0
3,0,0,1,0,0,0,0,0
4,0,0,0.9759599999999999,0.004685888498503587,0.02404,0.004685888498503583,0,0
5,0,0,0.9759599999999999,0.004685888498503587,0.02404,0.004685888498503583,0,0
6,0,0,0.9645199999999999,0.0059906048892224215,0.03548,0.005990604889222416,0,0
7,0,0,0.9645199999999999,0.0059906048892224215,0.03548,0.005990604889222416,0,0
8,0.02404,0.004685888498503583,0.95404,0.007444927049710447,0.02192,0.006527305285162805,0,0
9,0.02404,0.004685888498503583,0.95404,0.007444927049710447,0.02192,0.006527305285162805,0,0
10,0.03548,0.005990604889222416,0.9436399999999999,0.008198456798541452,0.02088,0.004732173854345918,0,0
11,0.03548,0.005990604889222416,0.9436399999999999,0.008198456798541452,0.02088,0.004732173854345918,0,0
12,0.04596,0.007444927049710441,0.93388,0.009101782736342986,0.02016,0.006085647216263553,0,0
13,0.04596,0.007444927049710441,0.93388,0.009101782736342986,0.02016,0.006085647216263553,0,0
14,0.05636,0.008198456798541481,0.92396,0.009642507930184627,0.01968,0.006717142249498665,0,0
15,0.05636,0.008198456798541481,0.92396,0.009642507930184627,0.01968,0.006717142249498665,0,0
16,0.04208,0.00740611991834442,0.91456,0.011421712227336222,0.01932,0.0058219850741891834,0.02404,0.004685888498503583
17,0.04208,0.00740611991834442,0.91456,0.011421712227336222,0.01932,0.0058219850741891834,0.02404,0.004685888498503583
18,0.04056,0.0071146873093765745,0.9069200000000001,0.01157202820315843,0.01704,0.005272028614706649,0.03548,0.005990604889222416
19,0.04056,0.0071146873093765745,0.9069200000000001,0.01157202820315843,0.01704,0.005272028614706649,0.03548,0.005990604889222416
20,0.03948,0.008579139388835061,0.89788,0.011961912344553264,0.01668,0.005490028065799419,0.04596,0.007444927049710441
21,0.03948,0.008579139388835061,0.89788,0.011961912344553264,0.01668,0.005490028065799419,0.04596,0.007444927049710441
22,0.03672,0.008415340705145186,0.89028,0.012904737304492465,0.01664,0.005336665625650533,0.05636,0.008198456798541481
23,0.03672,0.008415340705145186,0.89028,0.012904737304492465,0.01664,0.005336665625650533,0.05636,0.008198456798541481
24,0.036,0.007969328960560773,0.88312,0.012494308908540764,0.01476,0.005328245872858408,0.06612,0.00910178273634302
25,0.036,0.007969328960560773,0.88312,0.012494308908540764,0.01476,0.005328245872858408,0.06612,0.00910178273634302
26,0.03368,0.007310713413357475,0.87628,0.013334074809314986,0.014,0.005095015571464859,0.07604,0.009642507930184629
27,0.03368,0.007310713413357475,0.87628,0.013334074809314986,0.014,0.005095015571464859,0.07604,0.009642507930184629
28,0.03144,0.007762179369959739,0.86876,0.01485104270372136,0.01436,0.005185379760953494,0.08544,0.011421712227336216
29,0.03144,0.007762179369959739,0.86876,0.01485104270372136,0.01436,0.005185379760953494,0.08544,0.011421712227336216
30,0.03064,0.00794306269004338,0.861,0.015702593052468405,0.01528,0.005447485845857364,0.09308,0.011572028203158419
31,0.03064,0.00794306269004338,0.861,0.015702593052468405,0.01528,0.005447485845857364,0.09308,0.011572028203158419
32,0.02912,0.008092929642847616,0.8532,0.016946494430099348,0.01556,0.00527280276319832,0.10212,0.011961912344553252
33,0.02912,0.008092929642847616,0.8532,0.016946494430099348,0.01556,0.00527280276319832,0.10212,0.011961912344553252
34,0.02928,0.006611801446455189,0.84676,0.017626001201842326,0.01424,0.0057376664530565565,0.10972,0.012904737304492457
35,0.02928,0.006611801446455189,0.84676,0.017626001201842326,0.01424,0.0057376664530565565,0.10972,0.012904737304492457
36,0.02992,0.007159523413622172,0.83944,0.017737496314593103,0.01376,0.0054156236567764506,0.11688,0.012494308908540752
37,0.02992,0.007159523413622172,0.83944,0.017737496314593103,0.01376,0.0054156236567764506,0.11688,0.012494308908540752
38,0.02952,0.008765051194886405,0.8328,0.01851640199545102,0.01396,0.005972590454291494,0.12372,0.013334074809314974
39,0.02952,0.008765051194886405,0.8328,0.01851640199545102,0.01396,0.005972590454291494,0.12372,0.013334074809314974
40,0.02932,0.008197660193802938,0.82648,0.018452631027491284,0.01296,0.005689087298127379,0.13124,0.01485104270372135
41,0.02932,0.008197660193802938,0.82648,0.018452631027491284,0.01296,0.005689087298127379,0.13124,0.01485104270372135
42,0.0282,0.00859283042389861,0.8198,0.019248111489659613,0.013,0.005364280958719596,0.139,0.01570259305246839
43,0.0282,0.00859283042389861,0.8198,0.019248111489659613,0.013,0.005364280958719596,0.139,0.01570259305246839
44,0.02672,0.00869210291363514,0.8148799999999999,0.018640136637845497,0.011600000000000001,0.00507896823846605,0.14679999999999999,0.016946494430099334
45,0.02672,0.00869210291363514,0.8148799999999999,0.018640136637845497,0.011600000000000001,0.00507896823846605,0.14679999999999999,0.016946494430099334
46,0.02696,0.008752748839358865,0.80868,0.019224176954861703,0.01112,0.004783645608332879,0.15324,0.01762600120184232
47,0.02696,0.008752748839358865,0.80868,0.019224176954861703,0.01112,0.004783645608332879,0.15324,0.01762600120184232
48,0.02456,0.0076349358149207245,0.80284,0.019327848154559613,0.01204,0.004823243044818263,0.16056,0.017737496314593103
49,0.02456,0.0076349358149207245,0.80284,0.019327848154559613,0.01204,0.004823243044818263,0.16056,0.017737496314593103
50,0.02412,0.007797540166812943,0.7968000000000001,0.020032626449094964,0.01188,0.004578744146508262,0.1672,0.01851640199545103
51,0.02412,0.007797540166812943,0.7968000000000001,0.020032626449094964,0.01188,0.004578744146508262,0.1672,0.01851640199545103
52,0.02364,0.007588283127053611,0.79124,0.020044399696266122,0.011600000000000001,0.005142857142857143,0.17352,0.0184526310274913
53,0.02364,0.007588283127053611,0.79124,0.020044399696266122,0.011600000000000001,0.005142857142857143,0.17352,0.0184526310274913
54,0.023,0.0061445180478875904,0.78576,0.02047054628743753,0.01104,0.004886299046041588,0.1802,0.019248111489659638
55,0.023,0.0061445180478875904,0.78576,0.02047054628743753,0.01104,0.004886299046041588,0.1802,0.019248111489659638
56,0.02364,0.006573788396164804,0.77924,0.02087822808964558,0.012,0.005360475154083919,0.18512,0.018640136637845525
57,0.02364,0.006573788396164804,0.77924,0.02087822808964558,0.012,0.005360475154083919,0.18512,0.018640136637845525
58,0.02292,0.006965922884489396,0.77312,0.020718364130521954,0.01264,0.004685017369775916,0.19132,0.019224176954861727
59,0.02292,0.006965922884489396,0.77312,0.020718364130521954,0.01264,0.004685017369775916,0.19132,0.019224176954861727
60,0.0236,0.007472398188926869,0.76728,0.020250512717117142,0.01196,0.004398329924238174,0.19716,0.019327848154559634
61,0.0236,0.007472398188926869,0.76728,0.020250512717117142,0.01196,0.004398329924238174,0.19716,0.019327848154559634
62,0.02368,0.006692792346080603,0.76192,0.019922134136970096,0.0112,0.004351870346207948,0.2032,0.020032626449094978
63,0.02368,0.006692792346080603,0.76192,0.019922134136970096,0.0112,0.004351870346207948,0.2032,0.020032626449094978
64,0.02396,0.005337430399106496,0.7566,0.01970496674155313,0.01068,0.004705359514773053,0.20876,0.020044399696266126
65,0.02396,0.005337430399106496,0.7566,0.01970496674155313,0.01068,0.004705359514773053,0.20876,0.020044399696266126
66,0.02384,0.0059773722982458385,0.75144,0.020106004788903967,0.01048,0.0044365826157215255,0.21423999999999999,0.020470546287437535
67,0.02384,0.0059773722982458385,0.75144,0.020106004788903967,0.01048,0.0044365826157215255,0.21423999999999999,0.020470546287437535
68,0.02264,0.006278437346203598,0.74592,0.019753418717285594,0.01068,0.004791318680058503,0.22076,0.020878228089645567
69,0.02264,0.006278437346203598,0.74592,0.019753418717285594,0.01068,0.004791318680058503,0.22076,0.020878228089645567
70,0.021679999999999998,0.006132682603752403,0.74092,0.02007418893067639,0.01052,0.004175927124237057,0.22688,0.020718364130521933
71,0.021679999999999998,0.006132682603752403,0.74092,0.02007418893067639,0.01052,0.004175927124237057,0.22688,0.020718364130521933
72,0.02136,0.00702694522418337,0.7358,0.02020002020609215,0.01012,0.00505334805160027,0.23272,0.020250512717117124
73,0.02136,0.00702694522418337,0.7358,0.02020002020609215,0.01012,0.00505334805160027,0.23272,0.020250512717117124
74,0.021,0.006077727824623613,0.7299599999999999,0.02069995563438015,0.010960000000000001,0.005469619245786451,0.23808000000000001,0.019922134136970082
75,0.021,0.006077727824623613,0.7299599999999999,0.02069995563438015,0.010960000000000001,0.005469619245786451,0.23808000000000001,0.019922134136970082
76,0.0208,0.007056622305844839,0.72456,0.021669276661218033,0.01124,0.005093252839767129,0.2434,0.019704966741553115
77,0.0208,0.007056622305844839,0.72456,0.021669276661218033,0.01124,0.005093252839767129,0.2434,0.019704966741553115
78,0.02148,0.0069494971187908,0.71848,0.021678767944508213,0.01148,0.005387968455886936,0.24856,0.020106004788903956
79,0.02148,0.0069494971187908,0.71848,0.021678767944508213,0.01148,0.005387968455886936,0.24856,0.020106004788903956
80,0.02136,0.00752074681484899,0.71388,0.021132854776873097,0.01068,0.005199843011758987,0.25408000000000003,0.019753418717285576
81,0.02136,0.00752074681484899,0.71388,0.021132854776873097,0.01068,0.005199843011758987,0.25408000000000003,0.019753418717285576
82,0.02244,0.007001923933856338,0.70816,0.02129229045107784,0.01032,0.004631039906138242,0.25908,0.02007418893067637
83,0.02244,0.007001923933856338,0.70816,0.02129229045107784,0.01032,0.004631039906138242,0.25908,0.02007418893067637
84,0.02192,0.006915938409329037,0.70344,0.02136959503211827,0.01044,0.004699804598630258,0.2642,0.020200020206092135
85,0.02192,0.006915938409329037,0.70344,0.02136959503211827,0.01044,0.004699804598630258,0.2642,0.020200020206092135
86,0.0218,0.006654751256486923,0.69828,0.021323590462304438,0.00988,0.004283999657005645,0.27004,0.020699955634380138
87,0.0218,0.006654751256486923,0.69828,0.021323590462304438,0.00988,0.004283999657005645,0.27004,0.020699955634380138
88,0.02112,0.007195917209765265,0.6937599999999999,0.021410049137767798,0.00968,0.004735622709737294,0.27544,0.021669276661218023
89,0.02112,0.007195917209765265,0.6937599999999999,0.021410049137767798,0.00968,0.004735622709737294,0.27544,0.021669276661218023
90,0.0202,0.006288960200872897,0.6894,0.02109357190023072,0.00888,0.004918270809451432,0.28152,0.021678767944508206
91,0.0202,0.006288960200872897,0.6894,0.02109357190023072,0.00888,0.004918270809451432,0.28152,0.021678767944508206
92,0.02012,0.006885773562281903,0.6839999999999999,0.021533078493047714,0.00976,0.005008401105408098,0.28612,0.021132854776873097
93,0.02012,0.006885773562281903,0.6839999999999999,0.021533078493047714,0.00976,0.005008401105408098,0.28612,0.021132854776873097
94,0.01876,0.006625738310804714,0.67928,0.021222860220016678,0.01012,0.005085553769537506,0.29184,0.021292290451077854
95,0.01876,0.006625738310804714,0.67928,0.021222860220016678,0.01012,0.005085553769537506,0.29184,0.021292290451077854
96,0.01944,0.007908042922059974,0.67496,0.0218575723580583,0.00904,0.004449076950816395,0.29656,0.02136959503211829
97,0.01944,0.007908042922059974,0.67496,0.0218575723580583,0.00904,0.004449076950816395,0.29656,0.02136959503211829
98,0.019,0.00795138288575757,0.66984,0.021724959782494876,0.00944,0.004199902817145819,0.30172,0.021323590462304455
99,0.019,0.00795138288575757,0.66984,0.021724959782494876,0.00944,0.004199902817145819,0.30172,0.021323590462304455
100,0.0188,0.007494215456345143,0.66504,0.022639102888406076,0.00992,0.004848058732048092,0.30624,0.021410049137767825
101,0.0188,0.007494215456345143,0.66504,0.022639102888406076,0.00992,0.004848058732048092,0.30624,0.021410049137767825
102,0.01956,0.007129015159393136,0.6593600000000001,0.02199606643869559,0.01048,0.005429473609243293,0.3106,0.02109357190023075
103,0.01956,0.007129015159393136,0.6593600000000001,0.02199606643869559,0.01048,0.005429473609243293,0.3106,0.02109357190023075
104,0.01896,0.006739950947559648,0.6544,0.023084582716256186,0.01064,0.005086035302870087,0.316,0.02153307849304775
105,0.01896,0.006739950947559648,0.6544,0.023084582716256186,0.01064,0.005086035302870087,0.316,0.02153307849304775
106,0.01992,0.006927731907901395,0.64988,0.02335322378654584,0.00948,0.0056541117420720235,0.32072,0.021222860220016706
107,0.01992,0.006927731907901395,0.64988,0.02335322378654584,0.00948,0.0056541117420720235,0.32072,0.021222860220016706
108,0.02056,0.008320518037247636,0.64456,0.02375397711061096,0.00984,0.00472665045140805,0.32504,0.02185757235805832
109,0.02056,0.008320518037247636,0.64456,0.02375397711061096,0.00984,0.00472665045140805,0.32504,0.02185757235805832
110,0.01996,0.008866262586056087,0.63988,0.023468293852057752,0.01,0.004199125273342591,0.33016,0.02172495978249489
111,0.01996,0.008866262586056087,0.63988,0.023468293852057752,0.01,0.004199125273342591,0.33016,0.02172495978249489
112,0.02048,0.007746598990419432,0.6348,0.02379847362623865,0.00976,0.004892977057967462,0.33496,0.022639102888406083
113,0.02048,0.007746598990419432,0.6348,0.02379847362623865,0.00976,0.004892977057967462,0.33496,0.022639102888406083
114,0.01948,0.0069494971187908,0.63036,0.024009147916439485,0.00952,0.005055770596707352,0.34064,0.02199606643869558
115,0.01948,0.0069494971187908,0.63036,0.024009147916439485,0.00952,0.005055770596707352,0.34064,0.02199606643869558
116,0.0196,0.006350317363112248,0.62576,0.025335753554281082,0.00904,0.004261646706739218,0.3456,0.023084582716256175
117,0.0196,0.006350317363112248,0.62576,0.025335753554281082,0.00904,0.004261646706739218,0.3456,0.023084582716256175
118,0.01952,0.006148635156334638,0.62088,0.0255300063550677,0.00948,0.00543323108288245,0.35012,0.02335322378654582
119,0.01952,0.006148635156334638,0.62088,0.0255300063550677,0.00948,0.00543323108288245,0.35012,0.02335322378654582
120,0.0188,0.006452337023220694,0.61692,0.0255653145124884,0.00884,0.005015730357625713,0.35544,0.02375397711061094
121,0.0188,0.006452337023220694,0.61692,0.0255653145124884,0.00884,0.005015730357625713,0.35544,0.02375397711061094
122,0.019,0.007365113574085852,0.613,0.025699201925192885,0.00788,0.00402867274442001,0.36012,0.02346829385205773
123,0.019,0.007365113574085852,0.613,0.025699201925192885,0.00788,0.00402867274442001,0.36012,0.02346829385205773
124,0.01788,0.007049793744269026,0.60876,0.0254683156498583,0.00816,0.003851106387541542,0.3652,0.023798473626238627
125,0.01788,0.007049793744269026,0.60876,0.0254683156498583,0.00816,0.003851106387541542,0.3652,0.023798473626238627
126,0.01736,0.007433405020855626,0.60416,0.025300931659864693,0.00884,0.0043722688268080625,0.36964,0.024009147916439467
127,0.01736,0.007433405020855626,0.60416,0.025300931659864693,0.00884,0.0043722688268080625,0.36964,0.024009147916439467
128,0.017,0.006703638975228609,0.6003999999999999,0.02563479777846624,0.00836,0.004114484122200101,0.37424,0.02533575355428106
129,0.017,0.006703638975228609,0.6003999999999999,0.02563479777846624,0.00836,0.004114484122200101,0.37424,0.02533575355428106
130,0.01672,0.00628259662943303,0.59584,0.026019898194282312,0.008320000000000001,0.005084751112645635,0.37912,0.025530006355067678
131,0.01672,0.00628259662943303,0.59584,0.026019898194282312,0.008320000000000001,0.005084751112645635,0.37912,0.025530006355067678
132,0.01652,0.005725845450450874,0.5916,0.025685698395037187,0.0088,0.004333071682315171,0.38308,0.02556531451248838
133,0.01652,0.005725845450450874,0.5916,0.025685698395037187,0.0088,0.004333071682315171,0.38308,0.02556531451248838
134,0.01716,0.006893830427214153,0.5874,0.026311322929220296,0.00844,0.005395235993779273,0.387,0.025699201925192868
135,0.01716,0.006893830427214153,0.5874,0.026311322929220296,0.00844,0.005395235993779273,0.387,0.025699201925192868
136,0.01716,0.006941034446224386,0.58328,0.025355464733203645,0.00832,0.00435861801726283,0.39124,0.025468315649858284
137,0.01716,0.006941034446224386,0.58328,0.025355464733203645,0.00832,0.00435861801726283,0.39124,0.025468315649858284
138,0.01676,0.007327777734798746,0.57856,0.02627030604298008,0.00884,0.0038138308985125415,0.39584,0.025300931659864676
139,0.01676,0.007327777734798746,0.57856,0.02627030604298008,0.00884,0.0038138308985125415,0.39584,0.025300931659864676
140,0.01712,0.006235644738607424,0.575,0.026227419831550476,0.008280000000000001,0.0039177252875324765,0.3996,0.025634797778466226
141,0.01712,0.006235644738607424,0.575,0.026227419831550476,0.008280000000000001,0.0039177252875324765,0.3996,0.025634797778466226
142,0.01728,0.006084574004507343,0.57028,0.026291955780723297,0.008280000000000001,0.0039177252875324765,0.40416,0.02601989819428232
143,0.01728,0.006084574004507343,0.57028,0.026291955780723297,0.008280000000000001,0.0039177252875324765,0.40416,0.02601989819428232
144,0.0166,0.005394630739571201,0.5662,0.026973153697855988,0.0088,0.004426266681379905,0.4084,0.025685698395037194
145,0.0166,0.005394630739571201,0.5662,0.026973153697855988,0.0088,0.004426266681379905,0.4084,0.025685698395037194
146,0.01712,0.005161236997749548,0.56204,0.027286806260872053,0.00824,0.003972147930738918,0.4126,0.026311322929220306
147,0.01712,0.005161236997749548,0.56204,0.027286806260872053,0.00824,0.003972147930738918,0.4126,0.026311322929220306
148,0.01708,0.0060367581514909,0.55816,0.027475673841804563,0.00804,0.0036920211819765156,0.41672,0.025355464733203662
149,0.01708,0.0060367581514909,0.55816,0.027475673841804563,0.00804,0.0036920211819765156,0.41672,0.025355464733203662
150,0.01652,0.0055374052716825,0.55408,0.027461171103347833,0.00796,0.003948443247867779,0.42144,0.0262703060429801
151,0.01652,0.0055374052716825,0.55408,0.027461171103347833,0.00796,0.003948443247867779,0.42144,0.0262703060429801
152,0.01684,0.005482290598288422,0.5492,0.02798833576287646,0.008960000000000001,0.003984459607945215,0.425,0.026227419831550497
153,0.01684,0.005482290598288422,0.5492,0.02798833576287646,0.008960000000000001,0.003984459607945215,0.425,0.026227419831550497
154,0.0162,0.005617029500382143,0.5452,0.028209131536451378,0.00888,0.004260114015912183,0.42972,0.026291955780723315
155,0.0162,0.005617029500382143,0.5452,0.028209131536451378,0.00888,0.004260114015912183,0.42972,0.026291955780723315
156,0.017,0.005543887974837787,0.5414,0.028160618035889498,0.0078000000000000005,0.004629100498862757,0.4338,0.026973153697856005
157,0.017,0.005543887974837787,0.5414,0.028160618035889498,0.0078000000000000005,0.004629100498862757,0.4338,0.026973153697856005
158,0.01684,0.005786543150504718,0.5378000000000001,0.029255384991833694,0.0074,0.004540071023448772,0.43796,0.02728680626087207
159,0.01684,0.005786543150504718,0.5378000000000001,0.029255384991833694,0.0074,0.004540071023448772,0.43796,0.02728680626087207
160,0.01676,0.006735710498408267,0.5342,0.029347321958271576,0.0072,0.0042185208743524,0.44184,0.02747567384180458
161,0.01676,0.006735710498408267,0.5342,0.029347321958271576,0.0072,0.0042185208743524,0.44184,0.02747567384180458
162,0.01628,0.006821454749388812,0.5302,0.029419554790676778,0.0076,0.004797958749641904,0.44592,0.027461171103347844
163,0.01628,0.006821454749388812,0.5302,0.029419554790676778,0.0076,0.004797958749641904,0.44592,0.027461171103347844
164,0.015,0.006580738746446297,0.5268,0.030398711036046605,0.0074,0.004065785563073631,0.4508,0.027988335762876466
165,0.015,0.006580738746446297,0.5268,0.030398711036046605,0.0074,0.004065785563073631,0.4508,0.027988335762876466
166,0.015,0.006210590034081188,0.52316,0.030615695587827677,0.00704,0.0037523326078587435,0.4548,0.02820913153645139
167,0.015,0.006210590034081188,0.52316,0.030615695587827677,0.00704,0.0037523326078587435,0.4548,0.02820913153645139
168,0.0146,0.006340668863192042,0.51896,0.03166467161635233,0.00784,0.0037436204238078174,0.4586,0.028160618035889505
169,0.0146,0.006340668863192042,0.51896,0.03166467161635233,0.00784,0.0037436204238078174,0.4586,0.028160618035889505
170,0.01464,0.0064452482100998965,0.51504,0.03243137810384082,0.00812,0.004452195055961332,0.4622,0.029255384991833694
171,0.01464,0.0064452482100998965,0.51504,0.03243137810384082,0.00812,0.004452195055961332,0.4622,0.029255384991833694
172,0.01524,0.0060997156173255235,0.51136,0.03197815580954587,0.0076,0.004040610178208843,0.4658,0.029347321958271576
173,0.01524,0.0060997156173255235,0.51136,0.03197815580954587,0.0076,0.004040610178208843,0.4658,0.029347321958271576
174,0.01516,0.005800633322213662,0.50768,0.03162628718038726,0.00736,0.004168687945106166,0.4698,0.029419554790676775
175,0.01516,0.005800633322213662,0.50768,0.03162628718038726,0.00736,0.004168687945106166,0.4698,0.029419554790676775
176,0.01544,0.005222244415449537,0.50476,0.03170756685585269,0.0066,0.004223355856884138,0.4732,0.030398711036046598
177,0.01544,0.005222244415449537,0.50476,0.03170756685585269,0.0066,0.004223355856884138,0.4732,0.030398711036046598
178,0.01548,0.006031346686863793,0.50068,0.03162435124768151,0.007,0.003686710828732554,0.47684,0.030615695587827674
179,0.01548,0.006031346686863793,0.50068,0.03162435124768151,0.007,0.003686710828732554,0.47684,0.030615695587827674
180,0.014199999999999999,0.006301927142889365,0.49644,0.03175490320487564,0.008320000000000001,0.004027659471247108,0.48104,0.031664671616352336
181,0.014199999999999999,0.006301927142889365,0.49644,0.03175490320487564,0.008320000000000001,0.004027659471247108,0.48104,0.031664671616352336
182,0.01436,0.006294668946247859,0.49296,0.03225216967863701,0.00772,0.004571607139369556,0.48496,0.03243137810384083
183,0.01436,0.006294668946247859,0.49296,0.03225216967863701,0.00772,0.004571607139369556,0.48496,0.03243137810384083
184,0.01492,0.0063786634131905336,0.48908,0.032236903684809345,0.00736,0.003842618155075298,0.48864,0.031978155809545876
185,0.01492,0.0063786634131905336,0.48908,0.032236903684809345,0.00736,0.003842618155075298,0.48864,0.031978155809545876
186,0.01472,0.005580724845028499,0.48576,0.03215432176493956,0.0072,0.004333071682315171,0.49232,0.03162628718038726
187,0.01472,0.005580724845028499,0.48576,0.03215432176493956,0.0072,0.004333071682315171,0.49232,0.03162628718038726
188,0.01568,0.005530767374885879,0.48228,0.03191573087916084,0.0068000000000000005,0.003404678653660853,0.49524,0.03170756685585269
189,0.01568,0.005530767374885879,0.48228,0.03191573087916084,0.0068000000000000005,0.003404678653660853,0.49524,0.03170756685585269
190,0.01492,0.006592636585074073,0.47812,0.03151005022696922,0.00764,0.0041342768288975505,0.49932,0.031624351247681516
191,0.01492,0.006592636585074073,0.47812,0.03151005022696922,0.00764,0.0041342768288975505,0.49932,0.031624351247681516
192,0.01416,0.005358038020448476,0.4742,0.03162342195788639,0.00808,0.004313434163832141,0.50356,0.03175490320487564
193,0.01416,0.005358038020448476,0.4742,0.03162342195788639,0.00808,0.004313434163832141,0.50356,0.03175490320487564
194,0.01484,0.006048646331947305,0.47048,0.03193759220602529,0.00764,0.0043083213265796725,0.50704,0.032252169678637005
195,0.01484,0.006048646331947305,0.47048,0.03193759220602529,0.00764,0.0043083213265796725,0.50704,0.032252169678637005
196,0.014880000000000001,0.005542562584220407,0.46688,0.03196722811676651,0.00732,0.00397153134502169,0.51092,0.03223690368480933
197,0.014880000000000001,0.005542562584220407,0.46688,0.03196722811676651,0.00732,0.00397153134502169,0.51092,0.03223690368480933
198,0.01528,0.005624436479709386,0.46376,0.03200673398533758,0.00672,0.0032010202455224957,0.51424,0.03215432176493955
199,0.01528,0.005624436479709386,0.46376,0.03200673398533758,0.00672,0.0032010202455224957,0.51424,0.03215432176493955
200,0.0154,0.005349041493385444,0.46052,0.031825570517675095,0.00636,0.003538476554469538,0.51772,0.03191573087916083
201,0.0154,0.005349041493385444,0.46052,0.031825570517675095,0.00636,0.003538476554469538,0.51772,0.03191573087916083
202,0.01436,0.005169612940944774,0.45732,0.03245243929701634,0.00644,0.0039026939936617202,0.52188,0.03151005022696921
203,0.01436,0.005169612940944774,0.45732,0.03245243929701634,0.00644,0.0039026939936617202,0.52188,0.03151005022696921
204,0.01368,0.005036357608349875,0.45364,0.032055283877853835,0.00688,0.0039416147110812655,0.5258,0.03162342195788638
205,0.01368,0.005036357608349875,0.45364,0.032055283877853835,0.00688,0.0039416147110812655,0.5258,0.03162342195788638
206,0.01316,0.00483338728564774,0.44984,0.03167910532647212,0.0074800000000000005,0.003955053600090881,0.52952,0.03193759220602529
207,0.01316,0.00483338728564774,0.44984,0.03167910532647212,0.0074800000000000005,0.003955053600090881,0.52952,0.03193759220602529
208,0.01324,0.005640813373105343,0.44628,0.03224652488791527,0.00736,0.00369091548844689,0.53312,0.03196722811676651
209,0.01324,0.005640813373105343,0.44628,0.03224652488791527,0.00736,0.00369091548844689,0.53312,0.03196722811676651
210,0.01392,0.0059790109072129505,0.443,0.03237598001038197,0.00684,0.0037272301911686627,0.53624,0.03200673398533757
211,0.01392,0.0059790109072129505,0.443,0.03237598001038197,0.00684,0.0037272301911686627,0.53624,0.03200673398533757
212,0.01424,0.005564317806619355,0.43984,0.03276842681482233,0.00644,0.003459149358688388,0.53948,0.03182557051767509
213,0.01424,0.005564317806619355,0.43984,0.03276842681482233,0.00644,0.003459149358688388,0.53948,0.03182557051767509
214,0.01432,0.005164399326946287,0.43652,0.03270351663047875,0.0064800000000000005,0.003535476182458976,0.54268,0.032452439297016335
215,0.01432,0.005164399326946287,0.43652,0.03270351663047875,0.0064800000000000005,0.003535476182458976,0.54268,0.032452439297016335
216,0.0138,0.005050762722761054,0.4336,0.03241063065711367,0.00624,0.003972147930738918,0.54636,0.03205528387785382
217,0.0138,0.005050762722761054,0.4336,0.03241063065711367,0.00624,0.003972147930738918,0.54636,0.03205528387785382
218,0.01332,0.005651223454316087,0.43052,0.03250572320094304,0.006,0.003854496446637726,0.55016,0.031679105326472105
219,0.01332,0.005651223454316087,0.43052,0.03250572320094304,0.006,0.003854496446637726,0.55016,0.031679105326472105
220,0.01268,0.005593144491797297,0.42732,0.03232894703399,0.00628,0.0035687990319731152,0.55372,0.032246524887915254
221,0.01268,0.005593144491797297,0.42732,0.03232894703399,0.00628,0.0035687990319731152,0.55372,0.032246524887915254
222,0.01248,0.00559241468784427,0.42484,0.03210719291272119,0.00568,0.003139218673101799,0.557,0.03237598001038196
223,0.01248,0.00559241468784427,0.42484,0.03210719291272119,0.00568,0.003139218673101799,0.557,0.03237598001038196
224,0.01252,0.005552127740693615,0.42196,0.03218946462203218,0.00536,0.0031671786195545185,0.56016,0.03276842681482232
225,0.01252,0.005552127740693615,0.42196,0.03218946462203218,0.00536,0.0031671786195545185,0.56016,0.03276842681482232
226,0.01168,0.0053507199591861145,0.41928,0.03204017885756086,0.00556,0.0037534202089968723,0.56348,0.032703516630478734
227,0.01168,0.0053507199591861145,0.41928,0.03204017885756086,0.00556,0.0037534202089968723,0.56348,0.032703516630478734
228,0.01164,0.004758494016610975,0.41644,0.03206190440828047,0.00552,0.0036040793214220522,0.5664,0.03241063065711366
229,0.01164,0.004758494016610975,0.41644,0.03206190440828047,0.00552,0.0036040793214220522,0.5664,0.03241063065711366
230,0.01124,0.004405747637450193,0.41315999999999997,0.03227203249925007,0.0061200000000000004,0.00392605113963387,0.56948,0.03250572320094302
231,0.01124,0.004405747637450193,0.41315999999999997,0.03227203249925007,0.0061200000000000004,0.00392605113963387,0.56948,0.03250572320094302
232,0.01088,0.00464512032752036,0.40976,0.03263562595742041,0.00668,0.004210967216443175,0.57268,0.03232894703398998
233,0.01088,0.00464512032752036,0.40976,0.03263562595742041,0.00668,0.004210967216443175,0.57268,0.03232894703398998
234,0.01168,0.005132688359516713,0.40676,0.032920163165712626,0.0064,0.004333071682315171,0.57516,0.032107192912721176
235,0.01168,0.005132688359516713,0.40676,0.032920163165712626,0.0064,0.004333071682315171,0.57516,0.032107192912721176
236,0.0122,0.005256676997992599,0.40372,0.03250873665929934,0.00604,0.0038648600048569494,0.57804,0.03218946462203217
237,0.0122,0.005256676997992599,0.40372,0.03250873665929934,0.00604,0.0038648600048569494,0.57804,0.03218946462203217
238,0.01252,0.005522643555104267,0.39956,0.03230035066467892,0.0072,0.00381190401832181,0.58072,0.03204017885756085
239,0.01252,0.005522643555104267,0.39956,0.03230035066467892,0.0072,0.00381190401832181,0.58072,0.03204017885756085
240,0.01272,0.005767749888432248,0.39632,0.032707385423241794,0.0074,0.003838579669298401,0.58356,0.03206190440828046
241,0.01272,0.005767749888432248,0.39632,0.032707385423241794,0.0074,0.003838579669298401,0.58356,0.03206190440828046
242,0.0136,0.006194138111051085,0.3938,0.03252942153353058,0.00576,0.003323140879668277,0.58684,0.03227203249925007
243,0.0136,0.006194138111051085,0.3938,0.03252942153353058,0.00576,0.003323140879668277,0.58684,0.03227203249925007
244,0.01344,0.005952739036848191,0.39032,0.03256982452190609,0.006,0.0033073819722257785,0.59024,0.03263562595742041
245,0.01344,0.005952739036848191,0.39032,0.03256982452190609,0.006,0.0033073819722257785,0.59024,0.03263562595742041
246,0.01296,0.004628924148817974,0.38724000000000003,0.03292016316571263,0.00656,0.00313088629298348,0.59324,0.03292016316571263
247,0.01296,0.004628924148817974,0.38724000000000003,0.03292016316571263,0.00656,0.00313088629298348,0.59324,0.03292016316571263
248,0.0134,0.005146823867043377,0.38412,0.032280429403107075,0.0062,0.003686710828732554,0.59628,0.032508736659299355
249,0.0134,0.005146823867043377,0.38412,0.032280429403107075,0.0062,0.003686710828732554,0.59628,0.032508736659299355
250,0.01232,0.00482104231257016,0.38116,0.03218084104886392,0.00608,0.00405995878133294,0.60044,0.032300350664678935
251,0.01232,0.00482104231257016,0.38116,0.03218084104886392,0.00608,0.00405995878133294,0.60044,0.032300350664678935
252,0.0122,0.004485805276602166,0.37824,0.031820003976448914,0.00588,0.00392605113963387,0.60368,0.03270738542324181
253,0.0122,0.004485805276602166,0.37824,0.031820003976448914,0.00588,0.00392605113963387,0.60368,0.03270738542324181
254,0.01264,0.0050538326535210796,0.37512,0.031985098571244784,0.00604,0.004416850849708583,0.6062,0.032529421533530584
255,0.01264,0.0050538326535210796,0.37512,0.031985098571244784,0.00604,0.004416850849708583,0.6062,0.032529421533530584
256,0.01208,0.0059241463692317415,0.37276,0.03231955243173635,0.0054800000000000005,0.004077013713041267,0.60968,0.032569824521906106
257,0.01208,0.0059241463692317415,0.37276,0.03231955243173635,0.0054800000000000005,0.004077013713041267,0.60968,0.032569824521906106
258,0.01212,0.006632141895530356,0.37044,0.032431503958028095,0.00468,0.0033468840214535707,0.61276,0.03292016316571264
259,0.01212,0.006632141895530356,0.37044,0.032431503958028095,0.00468,0.0033468840214535707,0.61276,0.03292016316571264
260,0.01136,0.006508267897098901,0.367,0.03162342195788639,0.00576,0.003804186737621312,0.61588,0.03228042940310708
261,0.01136,0.006508267897098901,0.367,0.03162342195788639,0.00576,0.003804186737621312,0.61588,0.03228042940310708
262,0.01072,0.00629557667845335,0.36384,0.031493024818916616,0.0066,0.003642156795423418,0.61884,0.03218084104886393
263,0.01072,0.00629557667845335,0.36384,0.031493024818916616,0.0066,0.003642156795423418,0.61884,0.03218084104886393
264,0.01124,0.005867795191395424,0.36124,0.03135807678400952,0.00576,0.003537322866409637,0.62176,0.03182000397644892
265,0.01124,0.005867795191395424,0.36124,0.03135807678400952,0.00576,0.003537322866409637,0.62176,0.03182000397644892
266,0.01128,0.0047938736414089925,0.35796,0.030619428272831976,0.00588,0.003485480085809045,0.62488,0.0319850985712448
267,0.01128,0.0047938736414089925,0.35796,0.030619428272831976,0.00588,0.003485480085809045,0.62488,0.0319850985712448
268,0.01152,0.0050879609804690435,0.355,0.03047715772274611,0.00624,0.003197958532487594,0.62724,0.03231955243173637
269,0.01152,0.0050879609804690435,0.355,0.03047715772274611,0.00624,0.003197958532487594,0.62724,0.03231955243173637
270,0.01248,0.00559241468784427,0.35248,0.030499407822956504,0.0054800000000000005,0.003351758600240434,0.62956,0.03243150395802811
271,0.01248,0.00559241468784427,0.35248,0.030499407822956504,0.0054800000000000005,0.003351758600240434,0.62956,0.03243150395802811
272,0.012,0.004997958767010257,0.34976,0.030325149527703092,0.00524,0.0026768851835135337,0.633,0.0316234219578864
273,0.012,0.004997958767010257,0.34976,0.030325149527703092,0.00524,0.0026768851835135337,0.633,0.0316234219578864
274,0.01136,0.004525483399593904,0.34684,0.030511530105646213,0.00564,0.0034920317458874447,0.6361600000000001,0.03149302481891663
275,0.01136,0.004525483399593904,0.34684,0.030511530105646213,0.00564,0.0034920317458874447,0.6361600000000001,0.03149302481891663
276,0.01148,0.004234166183005353,0.34372,0.030406793011175805,0.00604,0.003294770129171629,0.63876,0.031358076784009536
277,0.01148,0.004234166183005353,0.34372,0.030406793011175805,0.00604,0.003294770129171629,0.63876,0.031358076784009536
278,0.01112,0.0046975460376147676,0.34136,0.03069385366911793,0.0054800000000000005,0.002936331183011639,0.64204,0.030619428272831987
279,0.01112,0.0046975460376147676,0.34136,0.03069385366911793,0.0054800000000000005,0.002936331183011639,0.64204,0.030619428272831987
280,0.01128,0.004421838199349281,0.33876,0.030888581867672692,0.00496,0.0033133003461312516,0.645,0.03047715772274612
281,0.01128,0.004421838199349281,0.33876,0.030888581867672692,0.00496,0.0033133003461312516,0.645,0.03047715772274612
282,0.01112,0.004336084945323514,0.336,0.030202040747375373,0.00536,0.0036013602872202815,0.64752,0.030499407822956508
283,0.01112,0.004336084945323514,0.336,0.030202040747375373,0.00536,0.0036013602872202815,0.64752,0.030499407822956508
284,0.011,0.004540071023448772,0.33376,0.029542470293128977,0.005,0.0031879876577744853,0.65024,0.030325149527703096
285,0.011,0.004540071023448772,0.33376,0.029542470293128977,0.005,0.0031879876577744853,0.65024,0.030325149527703096
286,0.01084,0.004573035431879409,0.33144,0.029067240835619713,0.00456,0.003381582771545941,0.65316,0.030511530105646213
287,0.01084,0.004573035431879409,0.33144,0.029067240835619713,0.00456,0.003381582771545941,0.65316,0.030511530105646213
288,0.00996,0.004304530124396475,0.3286,0.02841744218623772,0.0051600000000000005,0.0034544263235000102,0.65628,0.030406793011175808
289,0.00996,0.004304530124396475,0.3286,0.02841744218623772,0.0051600000000000005,0.0034544263235000102,0.65628,0.030406793011175808
290,0.00992,0.004763123653525647,0.32612,0.028247911246602257,0.00532,0.0032226241050499482,0.65864,0.030693853669117935
291,0.00992,0.004763123653525647,0.32612,0.028247911246602257,0.00532,0.0032226241050499482,0.65864,0.030693853669117935
292,0.01016,0.004829163108296365,0.3234,0.028700423092949092,0.0052,0.002523360247522242,0.66124,0.03088858186767269
293,0.01016,0.004829163108296365,0.3234,0.028700423092949092,0.0052,0.002523360247522242,0.66124,0.03088858186767269
294,0.00988,0.005069476485470141,0.32088,0.02888728270434615,0.00524,0.0030743175781673196,0.664,0.030202040747375366
295,0.00988,0.005069476485470141,0.32088,0.02888728270434615,0.00524,0.0030743175781673196,0.664,0.030202040747375366
296,0.01036,0.00419309442015399,0.3188,0.028833087569240832,0.0046,0.0028926366759023697,0.66624,0.02954247029312897
297,0.01036,0.00419309442015399,0.3188,0.028833087569240832,0.0046,0.0028926366759023697,0.66624,0.02954247029312897
298,0.01056,0.00423859815100633,0.31596,0.029242099927386633,0.00492,0.003161244911068281,0.66856,0.029067240835619707
299,0.01056,0.00423859815100633,0.31596,0.029242099927386633,0.00492,0.003161244911068281,0.66856,0.029067240835619707
300,0.0098,0.004145319465299117,0.31332,0.02927033742650099,0.0054800000000000005,0.002936331183011639,0.6714,0.028417442186237707
301,0.0098,0.004145319465299117,0.31332,0.02927033742650099,0.0054800000000000005,0.002936331183011639,0.6714,0.028417442186237707
302,0.01016,0.004568570535155814,0.31084,0.029176703035127188,0.00512,0.0033358901758460398,0.67388,0.028247911246602243
303,0.01016,0.004568570535155814,0.31084,0.029176703035127188,0.00512,0.0033358901758460398,0.67388,0.028247911246602243
304,0.01008,0.004080016006371164,0.3086,0.028853606572574214,0.00472,0.003070863735438721,0.6766,0.028700423092949078
305,0.01008,0.004080016006371164,0.3086,0.028853606572574214,0.00472,0.003070863735438721,0.6766,0.028700423092949078
306,0.01004,0.0047206018294972795,0.30624,0.028990188347235057,0.0046,0.0035283111529224196,0.6791200000000001,0.028887282704346134
307,0.01004,0.0047206018294972795,0.30624,0.028990188347235057,0.0046,0.0035283111529224196,0.6791200000000001,0.028887282704346134
308,0.0102,0.004558016038155376,0.3034,0.029005981086243405,0.0052,0.0034758643030275544,0.6812,0.028833087569240815
309,0.0102,0.004558016038155376,0.3034,0.029005981086243405,0.0052,0.0034758643030275544,0.6812,0.028833087569240815
310,0.00972,0.004981762658304133,0.301,0.02872885202676066,0.00524,0.0032297090284053864,0.68404,0.029242099927386616
311,0.00972,0.004981762658304133,0.301,0.02872885202676066,0.00524,0.0032297090284053864,0.68404,0.029242099927386616
312,0.00992,0.004864867806581203,0.29892,0.029210593549433464,0.0044800000000000005,0.0026972397077042166,0.68668,0.02927033742650097
313,0.00992,0.004864867806581203,0.29892,0.029210593549433464,0.0044800000000000005,0.0026972397077042166,0.68668,0.02927033742650097
314,0.00984,0.004896312648414152,0.29616,0.029407315485804417,0.00484,0.0030530011998901366,0.68916,0.02917670303512717
315,0.00984,0.004896312648414152,0.29616,0.029407315485804417,0.00484,0.0030530011998901366,0.68916,0.02917670303512717
316,0.00968,0.0044329011093073075,0.29356,0.029419665781478168,0.00536,0.0033912251714189236,0.6914,0.028853606572574197
317,0.00968,0.0044329011093073075,0.29356,0.029419665781478168,0.00536,0.0033912251714189236,0.6914,0.028853606572574197
318,0.01008,0.004552819265609621,0.29044,0.029325172024827303,0.00572,0.0031560760964416896,0.69376,0.02899018834723504
319,0.01008,0.004552819265609621,0.29044,0.029325172024827303,0.00572,0.0031560760964416896,0.69376,0.02899018834723504
320,0.00984,0.003996733360010448,0.28856,0.02921011845933123,0.005,0.0028926366759023697,0.6966,0.02900598108624339
321,0.00984,0.003996733360010448,0.28856,0.02921011845933123,0.005,0.0028926366759023697,0.6966,0.02900598108624339
322,0.01056,0.004389970015238586,0.28664,0.028811675637859458,0.0038,0.002835633320182744,0.699,0.028728852026760645
323,0.01056,0.004389970015238586,0.28664,0.028811675637859458,0.0038,0.002835633320182744,0.699,0.028728852026760645
324,0.01036,0.004457326003563214,0.28428,0.029463252795747488,0.00428,0.0023564068114874585,0.70108,0.029210593549433454
325,0.01036,0.004457326003563214,0.28428,0.029463252795747488,0.00428,0.0023564068114874585,0.70108,0.029210593549433454
326,0.00952,0.004131709138862907,0.28196,0.02984446757605099,0.00468,0.0027288331961197077,0.70384,0.02940731548580441
327,0.00952,0.004131709138862907,0.28196,0.02984446757605099,0.00468,0.0027288331961197077,0.70384,0.02940731548580441
328,0.00928,0.00358591348336851,0.28008,0.030047472643217398,0.0042,0.0028066975291983574,0.70644,0.029419665781478158
329,0.00928,0.00358591348336851,0.28008,0.030047472643217398,0.0042,0.0028066975291983574,0.70644,0.029419665781478158
330,0.00848,0.003271646904754203,0.27764,0.030352191192796633,0.00432,0.003945754628944473,0.70956,0.0293251720248273
331,0.00848,0.003271646904754203,0.27764,0.030352191192796633,0.00432,0.003945754628944473,0.70956,0.0293251720248273
332,0.00848,0.003715604161602025,0.27604,0.03007878091320341,0.00404,0.003714065927563176,0.71144,0.029210118459331223
333,0.00848,0.003715604161602025,0.27604,0.03007878091320341,0.00404,0.003714065927563176,0.71144,0.029210118459331223
334,0.009,0.005050762722761054,0.27396,0.02984173218149102,0.00368,0.003413299319558418,0.71336,0.028811675637859455
335,0.009,0.005050762722761054,0.27396,0.02984173218149102,0.00368,0.003413299319558418,0.71336,0.028811675637859455
336,0.00824,0.005694824001509025,0.27188,0.029988868683195755,0.0041600000000000005,0.003448513433054768,0.71572,0.029463252795747484
337,0.00824,0.005694824001509025,0.27188,0.029988868683195755,0.0041600000000000005,0.003448513433054768,0.71572,0.029463252795747484
338,0.008,0.005405967979549857,0.2692,0.029908704623318242,0.00476,0.003020744603435331,0.71804,0.029844467576050988
339,0.008,0.005405967979549857,0.2692,0.029908704623318242,0.00476,0.003020744603435331,0.71804,0.029844467576050988
340,0.0082,0.005287644435234785,0.26728,0.02995713945091608,0.0046,0.0027774602993176543,0.71992,0.03004747264321739
341,0.0082,0.005287644435234785,0.26728,0.02995713945091608,0.0046,0.0027774602993176543,0.71992,0.03004747264321739
342,0.00844,0.005051409179019014,0.26556,0.030175784317622523,0.00364,0.002164273927360643,0.72236,0.03035219119279663
343,0.00844,0.005051409179019014,0.26556,0.030175784317622523,0.00364,0.002164273927360643,0.72236,0.03035219119279663
344,0.00876,0.004157903710441852,0.26328,0.029542801878920402,0.004,0.0026186146828319086,0.7239599999999999,0.030078780913203415
345,0.00876,0.004157903710441852,0.26328,0.029542801878920402,0.004,0.0026186146828319086,0.7239599999999999,0.030078780913203415
346,0.0084,0.0037688302737922627,0.2612,0.029733510264566162,0.00436,0.0031736157194427114,0.72604,0.029841732181491023
347,0.0084,0.0037688302737922627,0.2612,0.029733510264566162,0.00436,0.0031736157194427114,0.72604,0.029841732181491023
348,0.0086,0.003574284572341944,0.25964,0.029570227718888786,0.00364,0.003042287002253672,0.72812,0.029988868683195766
349,0.0086,0.003574284572341944,0.25964,0.029570227718888786,0.00364,0.003042287002253672,0.72812,0.029988868683195766
350,0.008,0.003979539507766892,0.25788,0.0294005692017647,0.00332,0.0029027784016317183,0.7308,0.029908704623318252
351,0.008,0.003979539507766892,0.25788,0.0294005692017647,0.00332,0.0029027784016317183,0.7308,0.029908704623318252
352,0.00764,0.004529990764508314,0.25624,0.029192227089569228,0.0034000000000000002,0.002563479777846623,0.73272,0.029957139450916093
353,0.00764,0.004529990764508314,0.25624,0.029192227089569228,0.0034000000000000002,0.002563479777846623,0.73272,0.029957139450916093
354,0.00768,0.004666161294307109,0.25476,0.028903470591693622,0.00312,0.0024960376763247492,0.73444,0.030175784317622537
355,0.00768,0.004666161294307109,0.25476,0.028903470591693622,0.00312,0.0024960376763247492,0.73444,0.030175784317622537
356,0.00704,0.004223162563863287,0.25268,0.02851024878380204,0.0035600000000000002,0.0029771922123685186,0.73672,0.029542801878920413
357,0.00704,0.004223162563863287,0.25268,0.02851024878380204,0.0035600000000000002,0.0029771922123685186,0.73672,0.029542801878920413
358,0.00644,0.004126371138847087,0.25088,0.02847457870896532,0.00388,0.0031664052881745243,0.7388,0.029733510264566172
359,0.00644,0.004126371138847087,0.25088,0.02847457870896532,0.00388,0.0031664052881745243,0.7388,0.029733510264566172
360,0.00696,0.004261646706739218,0.24928,0.02822001026916604,0.0034000000000000002,0.002595128874940707,0.74036,0.029570227718888797
361,0.00696,0.004261646706739218,0.24928,0.02822001026916604,0.0034000000000000002,0.002595128874940707,0.74036,0.029570227718888797
362,0.007,0.003943478211954931,0.24776,0.027817598305932237,0.00312,0.002774813838212339,0.74212,0.029400569201764714
363,0.007,0.003943478211954931,0.24776,0.027817598305932237,0.00312,0.002774813838212339,0.74212,0.029400569201764714
364,0.00696,0.00416476963618025,0.24604,0.02787578863165551,0.0032400000000000003,0.0028252505758474826,0.74376,0.029192227089569242
365,0.00696,0.00416476963618025,0.24604,0.02787578863165551,0.0032400000000000003,0.0028252505758474826,0.74376,0.029192227089569242
366,0.007,0.0045758906794419905,0.245,0.027763579137615024,0.00276,0.002352245995743174,0.74524,0.02890347059169363
367,0.007,0.0045758906794419905,0.245,0.027763579137615024,0.00276,0.002352245995743174,0.74524,0.02890347059169363
368,0.00664,0.003884873858693379,0.24312,0.027942097564902506,0.00292,0.0024976723858302105,0.74732,0.02851024878380205
369,0.00664,0.003884873858693379,0.24312,0.027942097564902506,0.00292,0.0024976723858302105,0.74732,0.02851024878380205
370,0.00588,0.0034144949128976725,0.24076,0.02829261099182424,0.00424,0.003419989258844572,0.74912,0.02847457870896533
371,0.00588,0.0034144949128976725,0.24076,0.02829261099182424,0.00424,0.003419989258844572,0.74912,0.02847457870896533
372,0.0061600000000000005,0.0037436204238078174,0.23924,0.028298381002222348,0.00388,0.003007745104267464,0.75072,0.028220010269166054
373,0.0061600000000000005,0.0037436204238078174,0.23924,0.028298381002222348,0.00388,0.003007745104267464,0.75072,0.028220010269166054
374,0.007,0.003922722919355994,0.23724,0.028127668127409963,0.00352,0.0021212241363737813,0.75224,0.02781759830593226
375,0.007,0.003922722919355994,0.23724,0.028127668127409963,0.00352,0.0021212241363737813,0.75224,0.02781759830593226
376,0.0068000000000000005,0.0039175169145148825,0.23528,0.027996384606238146,0.00396,0.002725241049065239,0.75396,0.027875788631655535
377,0.0068000000000000005,0.0039175169145148825,0.23528,0.027996384606238146,0.00396,0.002725241049065239,0.75396,0.027875788631655535
378,0.00776,0.004326284167028046,0.23364000000000001,0.028147396298189763,0.0036,0.0026802375770419596,0.755,0.02776357913761505
379,0.00776,0.004326284167028046,0.23364000000000001,0.028147396298189763,0.0036,0.0026802375770419596,0.755,0.02776357913761505
380,0.00784,0.003765363087893845,0.23172,0.02814832434205109,0.0035600000000000002,0.002627639586381353,0.75688,0.027942097564902534
381,0.00784,0.003765363087893845,0.23172,0.02814832434205109,0.0035600000000000002,0.002627639586381353,0.75688,0.027942097564902534
382,0.0071200000000000005,0.0030280322970266905,0.25408000000000003,0.028574171296926923,0.0036,0.00255550625999976,0.7352,0.028588566288797693
383,0.0071200000000000005,0.0030280322970266905,0.24384,0.028576685230717543,0.01384,0.002735704960819617,0.7352,0.028588566288797693
384,0.00752,0.0034655152457271554,0.25344,0.0284771014347045,0.01376,0.002478972795826727,0.72528,0.028162096396919523
385,0.00752,0.0034655152457271554,0.25316,0.028388241313930654,0.01404,0.0025391626451993004,0.72528,0.028162096396919523
386,0.0072,0.003614031611621005,0.26164,0.029418000875487856,0.01436,0.0029329931775563057,0.7168,0.028960211973516704
387,0.01744,0.00370416202757528,0.2612,0.02904746291917448,0.00456,0.0029427184433334246,0.7168,0.028960211973516704
388,0.01732,0.0036725123469874823,0.26940000000000003,0.028526393078004385,0.00492,0.00359614305860587,0.70836,0.02869029559318776
389,0.0176,0.003725258517258656,0.26896,0.028706082694674128,0.00508,0.003773376120523738,0.70836,0.02869029559318776
390,0.01796,0.003800966579539408,0.2774,0.028357052896582743,0.0044,0.0033073819722257785,0.70024,0.028933816103060336
391,0.0184,0.0037688302737922627,0.27664,0.02847538141867068,0.00472,0.003251624397818696,0.70024,0.028933816103060336
392,0.01868,0.0043632977605176995,0.2844,0.02865131688393525,0.00468,0.003297741960920582,0.69224,0.028610373457677096
393,0.019119999999999998,0.0044841671581287885,0.28348,0.028954038173122105,0.0051600000000000005,0.0035013699942643443,0.69224,0.028610373457677096
394,0.01876,0.004274079444984711,0.29156,0.02903984595450231,0.0051600000000000005,0.003430713616489629,0.68452,0.029153527458359224
395,0.00928,0.004584979914495431,0.29064,0.029269863306123984,0.00532,0.0040730072127485905,0.69476,0.029134144355840243
396,0.009600000000000001,0.004848732213850611,0.29668,0.02939001635291293,0.00476,0.0033046658418863792,0.68896,0.029769838180717767
397,0.01024,0.005200313962264437,0.29552,0.029348184243106874,0.005,0.0034106675389466634,0.68924,0.029664491244859155
398,0.00956,0.0045587323694560675,0.30256,0.030492662215352594,0.00568,0.0031908031104717067,0.6822,0.030902744082633403
399,0.01004,0.004956792906544246,0.30152,0.0304994078229565,0.0058000000000000005,0.0035283111529224196,0.68264,0.030523166177010317
400,0.00944,0.004798639262906746,0.30704,0.03012149547741477,0.00628,0.0037473255769404183,0.67724,0.030228760463897168
401,0.01016,0.00531213474134496,0.30644,0.03021093193139307,0.00572,0.003725477643667908,0.67768,0.030391620757124767
402,0.01084,0.005112449790183065,0.31216,0.02958168214228777,0.0051600000000000005,0.0027727537332597934,0.67184,0.029570641811480124
403,0.01112,0.005097578456723249,0.31124,0.029911133685759008,0.00504,0.002806406664641983,0.6726,0.02973419662576393
404,0.01104,0.004557836937739261,0.3162,0.029615908576579697,0.00484,0.002859713129611687,0.66792,0.02958201328855224
405,0.01072,0.004421838199349281,0.31508,0.029786204175484894,0.00536,0.0032435807877299145,0.66884,0.029826956716010686
406,0.01084,0.004200874544517548,0.32088,0.030113147172839,0.00564,0.0035153308550416934,0.66264,0.029786834511308542
407,0.01084,0.004409451814695614,0.31996,0.029904582953665368,0.00564,0.003561471835162123,0.66356,0.029852125347370192
408,0.01112,0.0047493930868983195,0.32584,0.03050015724281983,0.00564,0.0032748889995210025,0.6574,0.030075415412673827
409,0.01108,0.004715757346062112,0.32456,0.030199445865979814,0.0058000000000000005,0.0034817307448439827,0.65856,0.030137210032971345
410,0.0108,0.004694764778615709,0.33044,0.030423648159728294,0.006,0.0033073819722257785,0.65276,0.030793293730543195
411,0.01068,0.004474143402224997,0.32884,0.030080409246021962,0.00668,0.0030401396315945487,0.6538,0.030735872812578807
412,0.01048,0.004454944512813252,0.33344,0.03066618159923976,0.00664,0.0038213150850972544,0.64944,0.030666181599239766
413,0.01116,0.005191673081748802,0.33212,0.030565847287588207,0.00668,0.003513472612091685,0.6500400000000001,0.030816083794151454
414,0.01164,0.004654425149187357,0.33808,0.030774916900035355,0.0061200000000000004,0.003438319475605275,0.6441600000000001,0.0310360948521793
415,0.01232,0.004320997617236472,0.33704,0.03078891928958222,0.00556,0.003264903036344984,0.64508,0.03130941046512167
416,0.01228,0.004865706736006222,0.3428,0.03098913568675714,0.0046,0.0031102201510110343,0.64032,0.03162628718038725
417,0.01248,0.004509581635874025,0.34156,0.031199921506965628,0.00452,0.0030185819078987863,0.64144,0.0317002285448531
418,0.01212,0.0047536881492592845,0.34656,0.030947064744924202,0.0044800000000000005,0.0029293727126802963,0.63684,0.03168490273339167
419,0.012240000000000001,0.004511029567083554,0.34532,0.030842880301718292,0.00468,0.00298595351058032,0.63776,0.031546894151599864
420,0.01124,0.004946901730850723,0.35044,0.030528113506827013,0.00536,0.0036239565704475262,0.63296,0.03214060944522062
421,0.0112,0.004965184913423648,0.34876,0.030822440804434307,0.0058000000000000005,0.003984664480280386,0.63424,0.03198632360805449
422,0.0106,0.004836088822803074,0.35236,0.030440815779248134,0.0058000000000000005,0.0038597874531732276,0.63124,0.031075654884983723
423,0.01024,0.004492896888309322,0.35084,0.030277869603971507,0.00608,0.003958148402411183,0.63284,0.030613029105601576
424,0.00996,0.004907137658554119,0.35552,0.029904774037000873,0.00604,0.0033682794008883794,0.62848,0.03086920399203778
425,0.01032,0.004595650117230423,0.354,0.02967029711027924,0.00588,0.0036006802078473554,0.6298,0.030738528638455418
426,0.010280000000000001,0.004535753655622161,0.35831999999999997,0.029931513663763842,0.00608,0.0038110473144075583,0.62532,0.031101177876506913
427,0.01076,0.0049137873501454024,0.35692,0.030078020994386837,0.00596,0.004130325875368031,0.62636,0.03109613795824761
428,0.0114,0.005394630739571201,0.36132,0.030507570154548427,0.00608,0.0036580356053209652,0.6212,0.03160470127777105
429,0.01168,0.005984469696725049,0.3598,0.030208121627219687,0.00608,0.0037679637764193225,0.62244,0.031888299946365724
430,0.01188,0.005604808431250831,0.3642,0.030865739543238235,0.00572,0.0036813928153926322,0.6182,0.031941911562799664
431,0.01204,0.005635021684763521,0.3624,0.030166882774435456,0.0061200000000000004,0.004226447342965146,0.61944,0.031859487421732176
432,0.01212,0.004955475223818353,0.3664,0.030196634492835085,0.00596,0.004130325875368031,0.61552,0.031608730387895904
433,0.01196,0.005721281432029874,0.365,0.030299861924653407,0.00584,0.00393498178301413,0.6172,0.03192082040784986
434,0.0118,0.005469768491164756,0.36988,0.02978127065174777,0.00632,0.00355389984124942,0.612,0.03128799730743731
435,0.01208,0.005826890513921167,0.36828,0.030091045518694813,0.0061200000000000004,0.0035320110476634026,0.61352,0.03113514976711062
436,0.01204,0.005517911465289699,0.37284,0.029620979878788478,0.0062,0.0037742413753208306,0.60892,0.030679940930683103
437,0.01192,0.00534461392049825,0.37144,0.029744599921494926,0.0062,0.0037087871387849053,0.61044,0.030420964844015328
438,0.01204,0.004956792906544245,0.37612,0.029762076951882845,0.00572,0.0032073894273654253,0.60612,0.030124666142616118
439,0.01224,0.005549627676424678,0.37432,0.029805793163786953,0.00592,0.003049523214657448,0.60752,0.030192741390159678
440,0.01216,0.00555256881165495,0.37848,0.03023056974221253,0.00556,0.003985483864307201,0.6038,0.030423540831643742
441,0.01204,0.005398261246901257,0.37692,0.029936558770513495,0.00572,0.0037906436909628865,0.60532,0.029992135023457503
442,0.01204,0.0047206018294972795,0.3808,0.029681300373075554,0.006,0.003591372882850439,0.60116,0.030350577441300985
443,0.01204,0.004973234483159807,0.37904,0.03007810241517838,0.00596,0.0033439558633939132,0.6029599999999999,0.0296902100266834
444,0.01176,0.0051688233374606206,0.383,0.030135070084199113,0.00596,0.0031941272641508567,0.59928,0.029228892610998904
445,0.01192,0.0048983129123969914,0.38136,0.030616628801742263,0.00604,0.0032698998299579736,0.60068,0.029403900893505645
446,0.01172,0.004763980499968659,0.38536,0.030378402639684266,0.0061200000000000004,0.0031664052881745243,0.5968,0.029560039214577286
447,0.01188,0.0048556300165007275,0.38344,0.030690130036098797,0.00628,0.0033808584829348675,0.5984,0.029777405487231765
448,0.01152,0.005071891326975871,0.38728,0.03030662350990999,0.00624,0.003972147930738918,0.5949599999999999,0.0295910631848226
449,0.01176,0.00560815732406185,0.38528,0.02931255912486967,0.0066,0.004522054797526975,0.59636,0.029732659154676416
450,0.01212,0.005180969887925603,0.38952,0.028769484967689683,0.00596,0.004130325875368031,0.5924,0.029067128499108294
451,0.012240000000000001,0.004876264880384726,0.38736,0.029040267609943667,0.0062,0.0037958086444532637,0.5942,0.02921070533421692
452,0.0122,0.004819179369552285,0.39224,0.02926484273677485,0.006,0.0040406101782088436,0.58956,0.03001303118340976
453,0.01264,0.0050214234911577635,0.39072,0.029251227080488194,0.00552,0.0037592878179196635,0.59112,0.029599117471675415
454,0.01208,0.004931531202375181,0.395,0.02999387692615319,0.00576,0.0036058908718362287,0.58716,0.03014547043512677
455,0.01248,0.005071891326975871,0.39336,0.02941175663865436,0.00524,0.0031529707403964153,0.58892,0.0306133490957318
456,0.012240000000000001,0.005008401105408098,0.39808,0.02907824770848337,0.00564,0.003538476554469538,0.58404,0.03077101737356244
457,0.01212,0.005971496923737303,0.39664,0.029104849164666,0.00556,0.0037096674585549074,0.58568,0.03120533706314498
458,0.01172,0.005714428569642902,0.3998,0.028975006823263445,0.00588,0.0037992480459014145,0.5826,0.030706643567535562
459,0.01144,0.005206589231788065,0.39776,0.028795237701497,0.00628,0.003476099150789927,0.5845199999999999,0.03100970223418892
460,0.01164,0.005137934151674073,0.4018,0.02948053664396777,0.0066,0.004045657788144656,0.57996,0.031655002506293835
461,0.01108,0.004784498779540922,0.39964,0.02935966968618061,0.00732,0.004381966756270662,0.58196,0.030638084876472925
462,0.011640000000000001,0.005137934151674073,0.403,0.02923863812122024,0.00724,0.004405747637450193,0.57812,0.03054447409858587
463,0.01152,0.005276981202566947,0.40136,0.029575058438364124,0.00684,0.003835175540776645,0.58028,0.030902110092407363
464,0.012240000000000001,0.006109744642113672,0.40504,0.02955517841983992,0.00664,0.00398855505522632,0.57608,0.030511182292693256
465,0.01288,0.006441700878190607,0.4032,0.029357751123347445,0.00632,0.003530855247034379,0.5776,0.03058077293773634
466,0.01312,0.006492193113930872,0.40664,0.028873941362341206,0.00604,0.0029551753288916374,0.5741999999999999,0.030313329727756282
467,0.01312,0.005716570971611336,0.40428000000000003,0.028344844400377867,0.00676,0.0034732799296036815,0.57584,0.029672608133923566
468,0.01324,0.00585386667955812,0.4072,0.02818886739296134,0.00672,0.00339891939610584,0.57284,0.029607197139360875
469,0.01364,0.005506063448043216,0.40516,0.028393991891070967,0.00692,0.0036412601541504943,0.57428,0.029675826759798123
470,0.01328,0.005387210856865223,0.40916,0.028517348819156896,0.00724,0.003997754471741171,0.5703199999999999,0.029709779878150603
471,0.013600000000000001,0.005627918743883488,0.4076,0.028574285571442853,0.00644,0.0036875964186633514,0.57236,0.029597821210490517
472,0.01336,0.005734820246991716,0.41104,0.029143529404010916,0.00628,0.0033322175003123304,0.5693199999999999,0.029967628793586644
473,0.01324,0.005553303852074852,0.40876,0.02895426372324294,0.00652,0.0034948358403536508,0.57148,0.02977688461110155
474,0.01328,0.00534155828368082,0.41188,0.029478210562365954,0.00632,0.0032162850924503518,0.56852,0.029705520685281258
475,0.0132,0.005897076411585798,0.40944,0.029366202981506145,0.0072,0.0039175169145148825,0.57016,0.030101433961368208
476,0.013,0.005287644435234785,0.41316,0.029720026917888213,0.00732,0.003930207451553276,0.56652,0.030320222927401868
477,0.01344,0.005014916525237687,0.41092,0.03011328271574468,0.00728,0.004810872041108386,0.56836,0.03027409480606364
478,0.013560000000000001,0.005395235993779273,0.4144,0.029799328851502677,0.0074,0.005002040400003314,0.56464,0.030222143523973812
479,0.01364,0.005340488397752645,0.41252,0.029913644419377917,0.00684,0.004713679614717581,0.567,0.029728705292483656
480,0.0136,0.005142857142857143,0.41692,0.028983344971108594,0.00672,0.00409599107141884,0.56276,0.028767583797584033
481,0.0138,0.0063277813115286,0.4152,0.029089587168480976,0.0062,0.0033866484546084853,0.5648,0.029030596104869782
482,0.01372,0.006128021953389567,0.41912,0.029455355356601518,0.00592,0.003832407459910221,0.56124,0.029669994462900903
483,0.01404,0.006253031917659249,0.4168,0.0299359861254999,0.00636,0.00419309442015399,0.5628,0.029717032840045208
484,0.01404,0.006107740154584047,0.42016,0.02957892244591112,0.00624,0.003868026971604674,0.55956,0.02912685835360586
485,0.01348,0.005838786566695906,0.41752,0.02991296217565972,0.00716,0.004181397091003563,0.56184,0.02903858095144231
486,0.01332,0.006069125613651913,0.42184,0.02965059107371063,0.0071200000000000005,0.0038153289103139655,0.55772,0.029112056552821765
487,0.0132,0.0064396729540483685,0.41972,0.029571111109407067,0.00692,0.003504166616111367,0.56016,0.02882130731077339
488,0.01296,0.005941758140139866,0.42344,0.02924363527473342,0.00672,0.0031496031496047244,0.55688,0.028554737982066807
489,0.01336,0.006186753459395884,0.4214,0.02887340418772534,0.0061200000000000004,0.0033905029426445914,0.55912,0.02886749460722143
490,0.01304,0.005844795347406205,0.4256,0.028974302477913647,0.006,0.002996596709057576,0.55536,0.028743595559955346
491,0.01328,0.005753579187722,0.42324,0.028764745996530165,0.00624,0.0026384906012834734,0.55724,0.028866731080351045
492,0.01296,0.005689087298127379,0.42652,0.028048965930955787,0.00644,0.0029218389512673105,0.55408,0.028324533247230544
493,0.01328,0.005042836908093762,0.42432,0.02871495379464455,0.0066,0.0034345186514775166,0.5558,0.028400201206530695
494,0.01312,0.004538452491809093,0.42792,0.02863410268778636,0.00672,0.0032010202455224957,0.5522400000000001,0.028401322188250592
495,0.01316,0.004001836313188112,0.42556,0.02836004663074374,0.00672,0.0032264215345127094,0.55456,0.02876517168453572
496,0.01316,0.004122412608447354,0.4294,0.0281953824559401,0.0066,0.003619674131234265,0.55084,0.028691433692775586
497,0.01272,0.004233202097703345,0.42712,0.028808048761923947,0.00668,0.003322403850668786,0.55348,0.028985034843828604
498,0.01272,0.004213874071905513,0.43008,0.029232243869273075,0.00668,0.003272894244349163,0.55052,0.02959263559794315
499,0.01296,0.0037085670261915314,0.42744,0.029240843674140295,0.00696,0.003362215013338434,0.55264,0.029333939387678552
500,0.01304,0.004203788378914176,0.4304,0.02926863613536664,0.00688,0.003728762994531532,0.5496800000000001,0.029372651447583407
501,0.01328,0.004513200592909286,0.42812,0.029115982005820537,0.00688,0.0037722942729369155,0.55172,0.029019374246055895
502,0.0134,0.004593695768803864,0.43132,0.028715664501367578,0.00692,0.003963301036010363,0.54836,0.0288067169037971
503,0.01368,0.004451278192948674,0.42876,0.028979626904261622,0.00684,0.003960828608423511,0.55072,0.028590736333323628
504,0.01348,0.004760552188859727,0.43208,0.028753590725191815,0.0071600000000000006,0.004220262106184634,0.54728,0.027605855634378042
505,0.013560000000000001,0.005083627180087309,0.4294,0.028357052896582746,0.00756,0.003881720636784777,0.54948,0.028185421039673555
506,0.0136,0.005268311118453078,0.43244,0.028224435787278446,0.00724,0.0036340790597130515,0.54672,0.028741664275161966
507,0.0138,0.004503966505838413,0.43008,0.02797946769052081,0.00704,0.004223162563863287,0.54908,0.028365572694477956
508,0.01404,0.004873753111079294,0.43356,0.02819839335414524,0.00684,0.0036831663396749113,0.54556,0.028552250706523345
509,0.01444,0.005500129868596611,0.43088,0.029196477282615554,0.00684,0.0042778976335655005,0.54784,0.0290694874746841
510,0.01416,0.005640089737308969,0.43424,0.030308993748404397,0.007,0.004393873285494199,0.5446,0.0299802656180797
511,0.01388,0.005847169208694241,0.43236,0.030464941376297197,0.00652,0.004638965401897281,0.5472400000000001,0.030071723785452854
512,0.014,0.0055254513159467755,0.43568,0.03111626649867119,0.00632,0.00418666493348896,0.544,0.030301882476715083
513,0.0144,0.006114552731152198,0.43308,0.03117877352250001,0.00624,0.0031204395294802396,0.54628,0.03005847362616228
514,0.01424,0.006162957148668691,0.4358,0.03107134646951387,0.00676,0.0027962073439221353,0.5432,0.029722526329849064
515,0.01356,0.006289479391842234,0.43324,0.030840974600127583,0.0074400000000000004,0.003453244555368715,0.54576,0.02999221667740631
516,0.01316,0.005686934542422298,0.43684,0.031136539332954998,0.00768,0.003754942321359237,0.54232,0.03042920187140326
517,0.01308,0.005162027761669332,0.4342,0.03103717323547652,0.00772,0.0038334723429394443,0.545,0.029993876926153178
518,0.01376,0.004942774565784208,0.43684,0.03136640605124261,0.00724,0.004254937108338778,0.54216,0.029826272489405118
519,0.01396,0.005086837757128385,0.43404,0.031639525784005286,0.0074800000000000005,0.004422761165440726,0.54452,0.02975494470997849
520,0.014,0.005436085025840128,0.43772,0.03140261265615735,0.0074,0.004085814184592884,0.54088,0.029868172945495687
521,0.01396,0.005337430399106495,0.43608,0.03164589795128048,0.0064,0.00465985898008574,0.54356,0.03073597905001994
522,0.014,0.005237229365663816,0.43884,0.032076668359747484,0.0068000000000000005,0.004499433070863892,0.5403600000000001,0.03101201873665191
523,0.01492,0.005717284927198881,0.43588,0.03144262023666188,0.00696,0.0043750685125830795,0.54224000000000006,0.03111962436161727
524,0.01508,0.005802321843495947,0.43916,0.03136380339284932,0.0068,0.004199125273342591,0.53896,0.03148628467204379
525,0.01412,0.005916562708677588,0.43672,0.031093696454163728,0.0076,0.004426266681379905,0.54156,0.031514920340715326
526,0.01404,0.006445881456798755,0.43944,0.031062911804850473,0.0074400000000000004,0.0040816163264979595,0.53908,0.031806070528265194
527,0.01444,0.006896198301992784,0.43752,0.03125291170108665,0.0064,0.0035225222874108435,0.54164,0.03161939471983895
528,0.0142,0.006788345354580984,0.44048,0.03085862430306237,0.00664,0.0039266748668821665,0.53868,0.03171714272845432
529,0.014,0.0073066924871682416,0.43772,0.031052319246913675,0.00696,0.0034342809603009647,0.54132,0.031621769819708254
530,0.01424,0.00670838646617738,0.4418,0.03129125847809349,0.0066,0.0032639027596559605,0.5373600000000001,0.031814359484166194
531,0.01336,0.00597190702116064,0.43976,0.031059232417549335,0.00672,0.002850277465906269,0.54016,0.03207857699525987
532,0.01344,0.00579992962659629,0.44232,0.03101641435085097,0.00704,0.0030570093428789157,0.5372,0.03182092752531624
533,0.01456,0.005743354633746691,0.43948,0.030790430530359566,0.0071200000000000005,0.003962271045339364,0.53884,0.03200022959101311
534,0.01404,0.005547420801689773,0.44236,0.030282183082547046,0.00724,0.0038943182055032797,0.5363600000000001,0.03171220070366274
535,0.01312,0.004851425206123685,0.44016,0.029587200762822972,0.0074,0.004393873285494199,0.53932,0.0310933026452282
536,0.01368,0.004837945254518109,0.44244,0.029887653583623695,0.00728,0.004655652697615698,0.5366,0.031081853751876855
537,0.01408,0.005236605848861124,0.43988,0.029358891154059596,0.007,0.004750939756661683,0.53904,0.030780964167843098
538,0.01384,0.0051719810281073185,0.44248,0.029359308227406126,0.00708,0.005162027761669332,0.5366,0.030783642621711044
539,0.01412,0.00500465089813914,0.4398,0.029466688213739163,0.00756,0.0037534202089968723,0.53852,0.030906864702106
540,0.01432,0.005335441760108548,0.44316,0.029892569549734505,0.00688,0.0033113287301600957,0.53564,0.031054106830182834
541,0.01412,0.005985151695347957,0.44032,0.030383561613585245,0.00716,0.004042428043861253,0.5384,0.03126972846647932
542,0.01432,0.006569689210802183,0.44252,0.031088576548898714,0.00736,0.00414905939672488,0.5358,0.03193679983457123
543,0.01496,0.006223589095087319,0.44,0.031183459770610867,0.0072,0.004571428571428572,0.53784,0.03179485261895744
544,0.01416,0.005949995712569198,0.44288,0.03193401359819646,0.00732,0.004617800518932478,0.53564,0.032093460456635595
545,0.01416,0.006139068599169268,0.44096,0.031512200423172675,0.0064,0.0034992710611188257,0.5384800000000001,0.03190946376157112
546,0.01444,0.006078265058587769,0.44432,0.032173915153840556,0.00604,0.0038648600048569494,0.5352,0.03265153057636949
547,0.01476,0.005909383751841694,0.442,0.03235517181003901,0.00584,0.00372175074009915,0.5374,0.03192657392281514
548,0.0142,0.005900536122303824,0.445,0.03240118415573538,0.006,0.0034522988495984492,0.5348,0.03166920863410079
549,0.013560000000000001,0.005817496480972073,0.44216,0.03251835274588986,0.00692,0.0037733761205237383,0.5373600000000001,0.03091909125575382
550,0.0134,0.005746338674605361,0.44508000000000003,0.03201838757428523,0.00684,0.0036385689045927644,0.53468,0.03031429917866942
551,0.01304,0.005616884167855168,0.44248,0.03227069182742149,0.0071200000000000005,0.0035262282561237743,0.5373600000000001,0.030483023043614797
552,0.01332,0.005384937420287088,0.44532,0.03199135087195045,0.00704,0.003504865422901864,0.53432,0.030348613927936457
553,0.01332,0.005088763131064525,0.44296,0.03188049112365922,0.00656,0.00307829796597843,0.53716,0.03098673844055991
554,0.01288,0.005224119884863724,0.44488,0.03168250660048532,0.0068000000000000005,0.003404678653660853,0.53544,0.031128541926164478
555,0.01296,0.004919598457149916,0.44264,0.03189892199573202,0.00644,0.00450469143204717,0.53796,0.031174269871816023
556,0.01304,0.0052253698238419796,0.44588,0.032343589088133694,0.00644,0.004431611859523506,0.53464,0.031881003236205394
557,0.01348,0.004945581412756652,0.44356,0.032216841837138285,0.0064,0.004553536414431208,0.53656,0.031431272611193835
558,0.01364,0.005073983259969329,0.44664,0.032336092174888066,0.00656,0.004643010986462143,0.53316,0.031666862870856544
559,0.013560000000000001,0.005115642278186322,0.44428,0.03221106414046616,0.00668,0.003909381703814869,0.5354800000000001,0.03182044010008764
560,0.01348,0.004862350149834114,0.44672,0.03253571977418803,0.00688,0.0035030016283415094,0.5329200000000001,0.03194947541966592
561,0.01296,0.005348888879468143,0.44380000000000003,0.03243643705741418,0.0074800000000000005,0.003632281567796624,0.53576,0.03224052463238507
562,0.01336,0.005861531456915347,0.44704,0.03216092190779338,0.00696,0.003859575952175607,0.53264,0.03203171897366988
563,0.01312,0.0065920174360775945,0.4448,0.03177985499767848,0.00684,0.003234760187307207,0.53524,0.03228164323258527
564,0.01332,0.0062415330403577576,0.44732,0.03196582358630887,0.0066,0.0034106675389466634,0.53276,0.03225634568165919
565,0.01388,0.006106670825534038,0.44436,0.03188676393561621,0.00664,0.004265476024347777,0.53512,0.032145485606815134
566,0.01352,0.005722280122112021,0.447,0.03167758494196018,0.00684,0.0041618284835551085,0.53264,0.03191938826072291
567,0.01352,0.005199057999448809,0.44376,0.03226077418507511,0.00784,0.003699751784283119,0.53488,0.032155641901887896
568,0.01348,0.0050274349365075155,0.44696,0.031811280248056795,0.008,0.0036365491603879588,0.53156,0.0314500965249484
569,0.01412,0.006146643351439541,0.4444,0.031895236673349515,0.0076,0.003938299643454349,0.53388,0.03139065244980565
570,0.0138,0.005774680837545068,0.4476,0.03165115982657424,0.0074800000000000005,0.0036769552621700474,0.53112,0.030759528140538363
571,0.01468,0.005636759816107991,0.44472,0.0323343754653572,0.0071200000000000005,0.004202234585337196,0.5334800000000001,0.03073204802010767
572,0.0146,0.005717856027482714,0.44748,0.03256593938708456,0.0071200000000000005,0.0038578835267698854,0.5308,0.031052292958156622
573,0.01424,0.006001904459657546,0.44444,0.03306959883861518,0.0076,0.0043705881545081015,0.53372,0.031131085586530993
574,0.01432,0.005647611017419811,0.44728,0.033267646843902446,0.00764,0.004212517788977155,0.53076,0.03164571738121018
575,0.01496,0.005886546404423273,0.44480000000000003,0.03382065544447472,0.00724,0.0040383872311321786,0.533,0.031330366048527
576,0.01512,0.005815672000407737,0.44692,0.03312119982052311,0.00728,0.0036979862142545,0.53068,0.030969662574848955
577,0.0152,0.006414269805898185,0.44464,0.032612605550865245,0.00652,0.003955053600090881,0.53364,0.03095932815808508
578,0.01512,0.006378023492702844,0.44728,0.03261841222877856,0.00636,0.003890123548743638,0.53124,0.030867432146956097
579,0.01436,0.006598577459558682,0.444,0.03313300346131251,0.0071600000000000006,0.004446323865663336,0.5344800000000001,0.03140664169976062
580,0.0144,0.0055254513159467755,0.44652000000000003,0.03396230803916216,0.00684,0.004200874544517548,0.53224,0.032194916571738834
581,0.01412,0.005944093278033175,0.44448,0.03395209109607122,0.0066,0.0037742413753208306,0.5348,0.0323046720573773
582,0.014,0.00565685424949238,0.44736,0.034124478017985856,0.0068000000000000005,0.00381190401832181,0.53184,0.03214721240335034
583,0.0144,0.005142857142857143,0.44468,0.0344178643694681,0.0062,0.0033624577988399487,0.53472,0.0327532768262527
584,0.01412,0.005397051349144838,0.44756,0.03439337857489314,0.00644,0.003163310072099303,0.53188,0.03305014125135766
585,0.01312,0.005659162698578261,0.44412,0.03473846306799613,0.00784,0.00358773420624966,0.5349200000000001,0.03355217685081805
586,0.01316,0.005786543150504717,0.44692,0.034782613531499224,0.0078000000000000005,0.003619674131234265,0.53212,0.03355996156744168
587,0.01336,0.005706280106431967,0.444,0.03496237044221653,0.00804,0.00424725601694428,0.5346,0.034233889403242936
588,0.01328,0.005295512154607129,0.44624,0.03479066259906,0.00816,0.004097585152456585,0.53232,0.03343067148470648
589,0.01444,0.005514951847255878,0.44376,0.03471079347513493,0.0072,0.004865538961693258,0.5346,0.03301267536407611
590,0.0146,0.0054248107274421494,0.44604,0.03490509582117938,0.00732,0.0045285488958429956,0.53204,0.03351147229696427
591,0.01424,0.005354990043627246,0.4436,0.034838402456402705,0.00684,0.003430713616489629,0.53532,0.03406502785040663
592,0.0146,0.005514359733033937,0.44608,0.03427609388837792,0.00664,0.0032935310745119,0.53268,0.03400746616703515
593,0.01504,0.0058726623660232775,0.44368,0.034279427995132436,0.00656,0.0037261349455773958,0.53472,0.03393333199684586
594,0.01512,0.005745059989740254,0.44592,0.03369965784359702,0.00636,0.0039110518445313715,0.5326,0.03385985522589202
595,0.014879999999999999,0.00533238086733175,0.44308,0.034138278234502786,0.00676,0.0042357082630648584,0.53528,0.03405580054881118
596,0.0148,0.005046720495044484,0.44544,0.03359309938857402,0.00664,0.004168687945106166,0.53312,0.03319493445496447
597,0.01376,0.005400529074610587,0.44284,0.03361022682069813,0.00684,0.003856402045261085,0.53656,0.033639238507239405
598,0.01368,0.005441488391825103,0.44512,0.03371467312126086,0.00708,0.003618771919323133,0.53412,0.03360371699557011
599,0.0136,0.005771145679064044,0.44212,0.033435676900519275,0.00724,0.004349806470008822,0.53704,0.03393689221277081
600,0.01328,0.005310905222814119,0.44372,0.03352978572273084,0.0074,0.004449260429256411,0.5356,0.03377476415724544
601,0.0134,0.005499536158548616,0.4414,0.03378503472587487,0.0071200000000000005,0.0038789857710804895,0.53808,0.03371903114302796
602,0.01344,0.005481546035451632,0.44356,0.03389609573568096,0.00692,0.003942650098083568,0.53608,0.033556434341483386
603,0.014,0.005771145679064044,0.4406,0.033920074123908225,0.00688,0.0040032639744313125,0.53852,0.03357066260524361
604,0.01404,0.0055474208016897735,0.44272,0.03437312666509542,0.00656,0.0033329523591811854,0.53668,0.033669728425469926
605,0.01396,0.0056783153581077585,0.44,0.034092311659459446,0.00696,0.0031099576741000635,0.53908,0.03366633393787221
606,0.014,0.0055549205986353085,0.44244,0.033576692596417025,0.00664,0.0031671786195545185,0.5369200000000001,0.03309161062682732
607,0.01412,0.0056193543096287185,0.4398,0.03371489103572812,0.00632,0.0032915476168947815,0.53976,0.03346796213987218
608,0.01396,0.005649489772880162,0.44232,0.03369578184707567,0.00652,0.0034948358403536508,0.5372,0.03347615660771842
609,0.01408,0.004931531202375181,0.43968,0.03385047553399437,0.00644,0.003163310072099303,0.5398000000000001,0.033445050883074284
610,0.01356,0.00513157492632523,0.44236,0.03363353525690618,0.00676,0.002938554413451677,0.53732,0.03325991642828235
611,0.0132,0.004499433070863892,0.4398,0.03336196049639867,0.00668,0.003605211647103144,0.54032,0.0329436377060294
612,0.01308,0.004203205773634001,0.44204,0.03401197868218712,0.00668,0.0034192731057095414,0.5382,0.03366400609140939
613,0.0134,0.004375255094603872,0.43948,0.03401994613008488,0.0066,0.003943478211954931,0.54052,0.0339863357896694
614,0.0134,0.00406578556307363,0.44156,0.03385271821600512,0.00684,0.004062571820401255,0.5382,0.03406895768219245
615,0.013,0.005099019513592785,0.43948,0.03366536402140748,0.00636,0.0035843195921646705,0.54116,0.03413559994600167
616,0.0132,0.005283783431116265,0.44276,0.033297398317194055,0.0064800000000000005,0.004131709138862907,0.53756,0.03397307457264307
617,0.01304,0.004628924148817973,0.44024,0.03346308352772759,0.00644,0.004576604212999959,0.54028,0.033614889800898204
618,0.0136,0.00501426536422407,0.44279999999999997,0.03381341359247111,0.00616,0.004348868020672103,0.53744,0.033873811448386144
619,0.01304,0.004936163924112963,0.4402,0.03302998019734094,0.00668,0.003782019760576054,0.54008,0.0338832569573944
620,0.01316,0.005392209043364967,0.44208,0.03318706411374461,0.00644,0.0033634287655938976,0.53832,0.03409317365391374
621,0.01304,0.006184113946728541,0.43936,0.03308230922522593,0.00664,0.0034626874074384266,0.54096,0.03429342770376664
622,0.013,0.0061445180478875904,0.44212,0.032988334363553924,0.00668,0.0034901610979718284,0.5382,0.03398979438668288
623,0.01304,0.005703418237499047,0.43979999999999997,0.03304727596912629,0.0064,0.002996596709057576,0.54076,0.03373338442092337
624,0.012920000000000001,0.00568865681215967,0.442,0.03318962217935244,0.00664,0.003415212067996328,0.53844,0.03429116623319558
625,0.01308,0.005774115357634042,0.43924,0.033356185364049294,0.00668,0.003930207451553276,0.541,0.0343576626037313
626,0.01284,0.005452428779162249,0.44184,0.03309316471751241,0.0064800000000000005,0.003693568596843957,0.53884,0.03378706430404562
627,0.01308,0.004521332655267895,0.43896,0.0331582230389694,0.00704,0.004203788378914176,0.54092,0.03359108239289901
628,0.01308,0.004222582631711623,0.44104,0.033549816751833876,0.00704,0.004004894964099482,0.53884,0.03342757019257594
629,0.01332,0.00502418639976582,0.43835999999999997,0.03323556000701044,0.00696,0.0033378472837737676,0.5413600000000001,0.03358191933351114
630,0.01316,0.005361845554946733,0.4406,0.03355957237449821,0.0071200000000000005,0.003640139041973254,0.53912,0.03379931167032481
631,0.01344,0.005584819073312281,0.43784,0.03380095397760126,0.007,0.0037087871387849053,0.54172,0.03306643899416902
632,0.01368,0.005618627910071705,0.44028,0.033806194336396464,0.0068000000000000005,0.003747107728172572,0.53924,0.033449053554225845
633,0.01364,0.005137934151674073,0.43768,0.03401166666583329,0.00672,0.0034466191657143365,0.54196,0.03339678586514649
634,0.0136,0.005345224838248488,0.43944,0.03448759611388254,0.00664,0.00348618263832449,0.54032,0.034229382294235125
635,0.01404,0.005917666390580334,0.43668,0.034477108643390666,0.00664,0.0031152030103860596,0.54264,0.03434860897875647
636,0.01384,0.0058252091142284145,0.43844,0.03408342705773584,0.00652,0.0034001200458999405,0.5412,0.03391947246413035
637,0.01368,0.00542646575703237,0.43492,0.034442996385332096,0.0074400000000000004,0.003791289694948199,0.54396,0.034160461689753875
638,0.01376,0.005354990043627246,0.43744,0.03402049802272574,0.00776,0.003910008090184229,0.54104,0.033871883469862106
639,0.01364,0.004654425149187357,0.4348,0.033962764724843914,0.00764,0.00380525951808809,0.54392,0.033967475439824805
640,0.01332,0.004546539388168023,0.43752,0.033705955387311436,0.00752,0.003626658663456556,0.54164,0.034089174773448146
641,0.01416,0.004709348063551204,0.43476,0.03362916615568294,0.00676,0.0036564731529668514,0.54432,0.033756293441946125
642,0.0144,0.004915614438310072,0.43684,0.03330524258541693,0.00636,0.003538476554469538,0.5424,0.03380858482934866
643,0.01428,0.005628063791466504,0.43424,0.03285997503321744,0.00632,0.0031908031104717067,0.54516,0.033943746982083065
644,0.01404,0.0055913928022799245,0.4366,0.032097428214098146,0.0068000000000000005,0.0033806170189140663,0.54256,0.03308625708905836
645,0.0142,0.0053794772525036375,0.43372,0.0320815542399208,0.00692,0.0036412601541504943,0.54516,0.03323654246611763
646,0.01412,0.005442238435025928,0.43604,0.0324269728995565,0.00704,0.0036642787524300336,0.5428000000000001,0.033319725113401706
647,0.01396,0.004304530124396475,0.43372,0.03268653845114786,0.00676,0.004569463863518345,0.54556,0.03327630768371431
648,0.01432,0.004631039906138242,0.43564,0.032820327200547846,0.00644,0.004185299833211182,0.5436,0.033108356427133646
649,0.01368,0.005148568257490699,0.43252,0.03293236110823616,0.00668,0.003672512346987483,0.54712,0.033481423420842094
650,0.0134,0.004936329298048855,0.43448,0.03278765322620137,0.0068000000000000005,0.003703280399090206,0.54532,0.03341174179530181
651,0.01308,0.005033925720872856,0.43204,0.032747618701399424,0.00692,0.003663610352688524,0.54796,0.03336499448737938
652,0.01324,0.005266606389046257,0.43448,0.03267042599498632,0.0068000000000000005,0.0033563828927059233,0.54548,0.033414673545663506
653,0.0136,0.005221619109284876,0.43148,0.032246018580372286,0.00668,0.0032226241050499482,0.5482400000000001,0.03332129306357379
654,0.01384,0.00514031683292549,0.43392,0.032185584300035534,0.0066,0.0034582052676886297,0.54564,0.03311005766179435
655,0.01368,0.005273886380177374,0.43128,0.03153944080878119,0.0068000000000000005,0.0038332593899996397,0.5482400000000001,0.0326881118001824
656,0.01324,0.004897146191030704,0.43316,0.031498856474222584,0.0068000000000000005,0.0037688302737922627,0.5468000000000001,0.032858385069685865
657,0.01336,0.004719737107863841,0.43076,0.031663769291009655,0.0062,0.003964124835860459,0.5496800000000001,0.03289652298480487
658,0.0134,0.004681705602335411,0.4328,0.03176700894234233,0.00608,0.004313434163832141,0.54772,0.033110846610518815
659,0.01372,0.005079128962765974,0.42996,0.032235080396413866,0.00628,0.0036591512342484616,0.55004,0.03340656174087567
660,0.0136,0.00507896823846605,0.43208,0.03206106418593578,0.00644,0.003881720636784777,0.54788,0.03305508080986852
661,0.01288,0.005615721372238143,0.4292,0.03209679238853399,0.00692,0.003983844927725384,0.551,0.033158247658088044
662,0.01268,0.005933096379889781,0.43084,0.031405420044369185,0.00696,0.004145122533330774,0.54952,0.032379282870126584
663,0.01308,0.005774115357634042,0.4286,0.03160534700305746,0.00636,0.00380525951808809,0.55196,0.03238414830166897
664,0.01324,0.005909383751841694,0.43012,0.03148413270593456,0.00652,0.003934359372689458,0.55012,0.03191419618864536
665,0.01312,0.005857630641709486,0.42716,0.031787791264405084,0.0066,0.0036867108287325545,0.5531200000000001,0.03149126215058288
666,0.01304,0.005774539472758756,0.42912,0.03188796715031537,0.00688,0.003728762994531532,0.55096,0.031839495432367554
667,0.01264,0.0053975050925858135,0.42644,0.031374733107247636,0.00732,0.003992032881955289,0.5536,0.03118607747972527
668,0.01296,0.005364128778377753,0.42832,0.03112675861763985,0.0071200000000000005,0.0038789857710804895,0.5516,0.030873011792548786
669,0.013519999999999999,0.005650501151694964,0.42584,0.0312144393588896,0.00664,0.0030888872575404753,0.554,0.031007569846008592
670,0.01384,0.005654544857989934,0.4278,0.031551060010007626,0.00652,0.0031248836713042094,0.55184,0.031511164202354607
671,0.01368,0.005618627910071705,0.4252,0.031563347382037664,0.00644,0.003314532010552861,0.55468,0.03195305229583564
672,0.01364,0.005666802719455168,0.42728,0.031440932634035516,0.00628,0.0033808584829348675,0.5528,0.03188499743177799
673,0.01324,0.004622747658954288,0.42464,0.03157482851763992,0.00644,0.004046464821423808,0.55568,0.031901276284365614
674,0.0134,0.004593695768803864,0.42592,0.03148296591582729,0.0064800000000000005,0.00397050348938062,0.5542,0.031700769320478696
675,0.01376,0.004959262617999344,0.42376,0.0316089369950839,0.00604,0.003714065927563176,0.55644,0.031921562030216795
676,0.0134,0.004869731585445517,0.426,0.031736157194427114,0.0062,0.004105745103771404,0.5544,0.03226168511610346
677,0.01308,0.005033925720872856,0.42256,0.031235876808567424,0.007,0.004540071023448772,0.55736,0.03256751856230562
678,0.013,0.004903143514780147,0.42444,0.031667378438116046,0.00696,0.004356369954867639,0.5556,0.03287328795883504
679,0.01248,0.0049743833583589395,0.42212,0.031100652923128448,0.0071200000000000005,0.004084015630904146,0.55828,0.03242324688823606
680,0.01248,0.005199057999448808,0.42408,0.031159785700449853,0.00704,0.0038595759521756075,0.5564,0.032561401965504846
681,0.01344,0.005686216776072628,0.42064,0.031252598259331715,0.00704,0.004521874272774013,0.55888,0.032589368493045535
682,0.01344,0.005613976727229776,0.42232,0.030197607690081705,0.00684,0.00469632943947522,0.5574,0.031790770063408164
683,0.01316,0.005629224037583343,0.4198,0.02973419662576394,0.00704,0.003963918901948486,0.56,0.031746444441761924
684,0.01324,0.006072890580275591,0.4218,0.029480536643967773,0.00688,0.003432378838327133,0.55808,0.03131657968657026
685,0.01404,0.007015900308788398,0.41896,0.029871124545832774,0.00628,0.0033566261000460276,0.56072,0.03154202897463532
686,0.0138,0.006895724792084097,0.4212,0.02925468739696047,0.00632,0.003644621421509023,0.55868,0.030919540086871804
687,0.014159999999999999,0.006600432886236651,0.4182,0.029031299084446984,0.0068000000000000005,0.0039175169145148825,0.56084,0.031107686562412595
688,0.01392,0.005951641858876131,0.4202,0.028881884725656712,0.00684,0.003616063932972831,0.55904,0.030799522922358668
689,0.01332,0.00530859910803179,0.41776,0.029111019023239783,0.00644,0.003944306151962366,0.56248,0.03037066253569622
690,0.01316,0.005614703728531335,0.41928,0.029445931079571202,0.0064,0.004020356365562939,0.56116,0.030746069933026067
691,0.01384,0.005418637527373576,0.41656,0.029187752533540223,0.0061200000000000004,0.004048884956102742,0.56348,0.030174485775846017
692,0.01372,0.00479812888700653,0.4188,0.02926584691954715,0.00624,0.004013039969389586,0.56124,0.029757907541097185
693,0.01272,0.005696543885980162,0.41604,0.029522706584621146,0.00656,0.003592281976114677,0.56468,0.029858468870076125
694,0.01272,0.005893753178630086,0.41792,0.029529535543041566,0.00672,0.0036979862142545,0.56264,0.029569537551683272
695,0.01292,0.006170502576031901,0.41516,0.029960763457208085,0.00676,0.003915224079390186,0.56516,0.029171106756305184
696,0.01308,0.006077190543167063,0.41788,0.029734635888616013,0.00664,0.00369091548844689,0.5624,0.029218389512673085
697,0.013,0.005394630739571201,0.41576,0.030087328677348136,0.006,0.003331972511340172,0.56524,0.02960664569632558
698,0.01312,0.005571941368342357,0.41712,0.029917328266612392,0.0058000000000000005,0.003238795442501324,0.56396,0.029336861259709215
699,0.01288,0.004967814778498629,0.4148,0.030053014382410755,0.00536,0.003578621328423126,0.56696,0.029121112335786015
700,0.01288,0.005145396198624196,0.41612,0.02908231807283931,0.00556,0.0035751980107857706,0.56544,0.02824395185391962
701,0.01256,0.0053762895937550055,0.41352,0.02872120741024027,0.00604,0.003714065927563176,0.56788,0.028532573580068794
702,0.01252,0.005280847180024765,0.41524,0.029746932614977295,0.00616,0.004037376396035587,0.56608,0.029357639898468714
703,0.01212,0.005902749272973725,0.41256,0.029446707310471425,0.00652,0.0037429661925226293,0.5688,0.029109224290171477
704,0.0122,0.005364280958719597,0.4144,0.029446596421595594,0.0064,0.0036365491603879588,0.567,0.029369566366758422
705,0.01204,0.004856974787008128,0.41192,0.02835333907557792,0.00628,0.003476099150789927,0.56976,0.029567328908366226
706,0.01196,0.0045979587307625885,0.41324,0.02810734525249329,0.0062,0.003838579669298401,0.5686,0.028943999413363994
707,0.01188,0.005305522729059921,0.41092,0.028400086231544854,0.00584,0.003328050235099666,0.57136,0.029342286821554424
708,0.01196,0.005458414212414235,0.413,0.02803277964622626,0.00572,0.002996869114558712,0.56932,0.028831983374477056
709,0.01232,0.005943406568009045,0.41048,0.02799288539348992,0.00576,0.0030409450732914447,0.57144,0.029112140675221335
710,0.01236,0.005975323405132007,0.4114,0.02796864133202011,0.00588,0.0028688332265282787,0.57036,0.028897256419449714
711,0.01236,0.005169612940944774,0.40932,0.027852702942883115,0.00564,0.0031992346023410547,0.57268,0.029018249008343062
712,0.01212,0.0048556300165007275,0.41092,0.027345738018109914,0.00576,0.0031204395294802396,0.5712,0.028379354381346308
713,0.01204,0.0044901706708165585,0.40852,0.027326626022908834,0.00564,0.0035843195921646705,0.5738,0.028102581768243564
714,0.01208,0.004763123653525647,0.41016,0.027269898183505847,0.0054,0.003481730744843983,0.57236,0.028280490138061234
715,0.01148,0.004621334730776115,0.4076,0.02687841103175254,0.00588,0.003485480085809045,0.57504,0.02797444898328413
716,0.01148,0.0041168642713321785,0.40988,0.02648190757047967,0.0058000000000000005,0.0034582052676886297,0.57284,0.027556517063175096
717,0.0114,0.004558016038155376,0.40752,0.026454612652848365,0.00576,0.0033960361047094003,0.5753199999999999,0.0264794413900016
718,0.01128,0.004673153897202485,0.40896,0.026242946574231315,0.0058000000000000005,0.003313546715640915,0.57396,0.02662357402524218
719,0.01152,0.0050879609804690435,0.40668,0.026240986790803087,0.00552,0.0030118134749953004,0.57628,0.026969400650154813
720,0.01156,0.00513157492632523,0.4078,0.02675131124003503,0.00572,0.00310391457908972,0.57492,0.027238058608033966
721,0.0114,0.005115003939990902,0.40548,0.026322365751875538,0.00568,0.003413299319558418,0.57744,0.027201560579481154
722,0.0112,0.005046720495044484,0.40712,0.026332752942885035,0.00584,0.003564908333824508,0.57584,0.02738341521014915
723,0.0114,0.004242640687119285,0.40452,0.02652625961155458,0.0061600000000000005,0.004292185590448897,0.57792,0.02732707411326423
724,0.01152,0.004436582615721525,0.4062,0.025992934675815742,0.00596,0.004323452890683462,0.5763199999999999,0.026867353682072045
725,0.01144,0.004314947915120654,0.40336,0.025867606406942443,0.0064800000000000005,0.004011412291379256,0.57872,0.026826000181061006
726,0.01164,0.004654425149187357,0.40472,0.0256276636246292,0.00604,0.0038223830583679025,0.5776,0.02639109311715539
727,0.01168,0.005132688359516712,0.40268,0.02578912917633066,0.0054800000000000005,0.0030721925960035083,0.58016,0.025928756394460278
728,0.01168,0.005180182015555603,0.4038,0.025176114368461972,0.00572,0.0033322175003123304,0.5788,0.025545477654008115
729,0.01216,0.0061656057186257876,0.4012,0.025194751640055545,0.0054800000000000005,0.0034713991768302818,0.58116,0.02548497756782714
730,0.01188,0.0060259303625825175,0.40252,0.024637154619701968,0.0056,0.0034522988495984492,0.58,0.0250941085857674
