evolution$generation,evolution$evaluated,popInit,infectionRadiusI,objective$integraleInfected,objective$integraleExposed,evolution$samples,propExposed,teG,trG,infectionRadiusI,propRecovered,integraleInfected,density,tiG,propInfecte,mySeed,integraleExposed,propInfected,propSuseptible
200,17035,1500.0,5.0,40.3054948911583,11.341131094773978,32,"[0.03133333333333333,0.038,0.026,0.032,0.02266666666666667,0.024666666666666667,0.034,0.028,0.029333333333333333,0.028666666666666667,0.027333333333333334,0.024666666666666667,0.029333333333333333,0.02266666666666667,0.036,0.022,0.03266666666666666,0.035333333333333335,0.034,0.03666666666666667,0.035333333333333335,0.029333333333333333,0.028666666666666667,0.029333333333333333,0.025333333333333333,0.020666666666666667,0.034,0.037333333333333336,0.027333333333333334,0.037333333333333336,0.030666666666666665,0.025333333333333333]","[3.0,3.0,3.0,3.0,3.0,3.0,3.0,3.0,3.0,3.0,3.0,3.0,3.0,3.0,3.0,3.0,3.0,3.0,3.0,3.0,3.0,3.0,3.0,3.0,3.0,3.0,3.0,3.0,3.0,3.0,3.0,3.0]","[365.0,365.0,365.0,365.0,365.0,365.0,365.0,365.0,365.0,365.0,365.0,365.0,365.0,365.0,365.0,365.0,365.0,365.0,365.0,365.0,365.0,365.0,365.0,365.0,365.0,365.0,365.0,365.0,365.0,365.0,365.0,365.0]","[5.0,5.0,5.0,5.0,5.0,5.0,5.0,5.0,5.0,5.0,5.0,5.0,5.0,5.0,5.0,5.0,5.0,5.0,5.0,5.0,5.0,5.0,5.0,5.0,5.0,5.0,5.0,5.0,5.0,5.0,5.0,5.0]","[0.91,0.8966666666666666,0.906,0.9073333333333333,0.9153333333333333,0.9093333333333333,0.9126666666666666,0.91,0.9213333333333333,0.9113333333333333,0.8973333333333333,0.924,0.91,0.9166666666666666,0.916,0.924,0.9133333333333333,0.908,0.9033333333333333,0.9173333333333333,0.8933333333333333,0.9046666666666666,0.904,0.91,0.924,0.9246666666666666,0.9066666666666666,0.8866666666666667,0.9126666666666666,0.898,0.91,0.9053333333333333]","[38.77211553388482,43.206142996422386,40.30526578828796,40.33639066069537,41.45039066069539,42.857476329755805,39.00491435235868,40.30572399402863,38.592647800612475,37.194307123660884,44.476830150030196,40.71172399402866,39.483932454954655,40.95152292820509,39.161906736903916,38.785057327362026,39.374809663089096,40.30372399402866,39.92611910496876,37.9431956918425,42.6181429964224,38.34829462332223,39.71972399402867,42.62659912162135,41.042599121621265,37.166650058565075,40.45657523016762,43.638809663089056,42.41025828043951,41.173932454954674,40.908390660695346,38.71859912162129]","[1.3774104683195592,1.3774104683195592,1.3774104683195592,1.3774104683195592,1.3774104683195592,1.3774104683195592,1.3774104683195592,1.3774104683195592,1.3774104683195592,1.3774104683195592,1.3774104683195592,1.3774104683195592,1.3774104683195592,1.3774104683195592,1.3774104683195592,1.3774104683195592,1.3774104683195592,1.3774104683195592,1.3774104683195592,1.3774104683195592,1.3774104683195592,1.3774104683195592,1.3774104683195592,1.3774104683195592,1.3774104683195592,1.3774104683195592,1.3774104683195592,1.3774104683195592,1.3774104683195592,1.3774104683195592,1.3774104683195592,1.3774104683195592]","[7.0,7.0,7.0,7.0,7.0,7.0,7.0,7.0,7.0,7.0,7.0,7.0,7.0,7.0,7.0,7.0,7.0,7.0,7.0,7.0,7.0,7.0,7.0,7.0,7.0,7.0,7.0,7.0,7.0,7.0,7.0,7.0]","[1.0,1.0,1.0,1.0,1.0,1.0,1.0,1.0,1.0,1.0,1.0,1.0,1.0,1.0,1.0,1.0,1.0,1.0,1.0,1.0,1.0,1.0,1.0,1.0,1.0,1.0,1.0,1.0,1.0,1.0,1.0,1.0]","[-1250116917,-119807006,1298930594,-1756722331,-804501504,33581911,2018528912,-454247820,1284380285,-2023266658,1977815294,-1433477063,-435647671,-1688574792,-1401362567,-752769009,561683757,-455272663,1045620627,-508208685,-2066316230,1476545216,539562881,1997109672,-1228530418,742394702,-161687746,1626510395,335319195,101198592,1902263371,-1459500425]","[11.354750404144886,11.343057001020986,11.383957179318545,11.406159655864224,11.21103622592948,11.127235145888253,11.236380279879675,11.249554423323763,11.445789343397136,11.31132066047868,11.732076159904157,11.128949423754541,11.144134109012757,11.339205188526972,11.333109205574596,11.09900341574214,11.149367960835267,11.38733695452105,11.518047222149772,11.077361213094028,11.671639056256321,11.035984784063947,11.098083567199483,11.54044755447153,11.525283003689522,10.98787196760654,11.452648681325865,11.62346379572162,11.334385911465285,11.574265218383442,11.536731816159882,11.398536310787609]","[0.91,0.8966666666666666,0.906,0.9073333333333333,0.9153333333333333,0.9093333333333333,0.9126666666666666,0.91,0.9213333333333333,0.9113333333333333,0.8973333333333333,0.924,0.91,0.9166666666666666,0.916,0.924,0.9133333333333333,0.908,0.9033333333333333,0.9173333333333333,0.8933333333333333,0.9046666666666666,0.904,0.91,0.924,0.9246666666666666,0.9066666666666666,0.8866666666666667,0.9126666666666666,0.898,0.91,0.9053333333333333]","[0.0026666666666666666,0.004,0.004,0.0026666666666666666,0.005333333333333333,6.666666666666666E-4,0.002,0.0026666666666666666,0.0013333333333333333,0.0026666666666666666,6.666666666666666E-4,0.0013333333333333333,0.0033333333333333335,0.0026666666666666666,0.002,0.0013333333333333333,0.004,6.666666666666666E-4,0.0033333333333333335,6.666666666666666E-4,6.666666666666666E-4,0.004,0.004,0.0026666666666666666,0.0033333333333333335,0.002,0.0026666666666666666,0.002,0.0033333333333333335,0.002,0.0033333333333333335,0.002]"
200,17035,509.48976115340474,1.0987085860548602,8.819158303804,413.3188459477435,1,"[0.0]","[3.0]","[365.0]","[1.0987085860548602]","[0.13542961068303874]","[8.819158303804]","[0.4678510203428877]","[7.0]","[1.0]","[-1261434078]","[413.3188459477435]","[0.13542961068303874]","[0.8636091116019862]"
200,17035,1441.975788585166,5.0,39.869984699498595,11.016348851781114,1,"[0.031207181393907442]","[3.0]","[365.0]","[5.0]","[0.9133301754616912]","[39.869984699498595]","[1.324128364173706]","[7.0]","[1.0]","[-705320628]","[11.016348851781114]","[0.9133301754616912]","[0.0]"
200,17035,1405.8902265057827,1.0423323582763397,26.76507187975471,77.27915773718476,1,"[0.024895258065054937]","[3.0]","[365.0]","[1.0423323582763397]","[0.8393258433361379]","[26.76507187975471]","[1.290991943531481]","[7.0]","[1.0]","[1436855868]","[77.27915773718476]","[0.8393258433361379]","[0.09744715299750076]"
200,17035,509.4898484325377,1.0987087804669355,9.094324232481753,370.0892572288652,2,"[0.0,0.0]","[3.0,3.0]","[365.0,365.0]","[1.0987087804669355,1.0987087804669355]","[0.13150409219364764,0.15898255921918594]","[10.207900390984301,7.980748073979206]","[0.46785110048901535,0.46785110048901535]","[7.0,7.0]","[1.0,1.0]","[1146526449,920227927]","[416.2413053459019,323.9372091118286]","[0.13150409219364764,0.15898255921918594]","[0.8675344589491382,0.8400559919235998]"
200,17035,658.0499980040292,1.3350834679452097,18.845515942832545,259.710140163353,4,"[0.02735354464645069,0.0,0.021274979169461646,0.0]","[3.0,3.0,3.0,3.0]","[365.0,365.0,365.0,365.0]","[1.3350834679452097,1.3350834679452097,1.3350834679452097,1.3350834679452097]","[0.8418813185629823,0.15044449555547879,0.8221259807627679,0.14436593007848975]","[25.139528595835596,15.105478021900298,22.585553863764794,13.833538195840324]","[0.6042699706189433,0.6042699706189433,0.6042699706189433,0.6042699706189433]","[7.0,7.0,7.0,7.0]","[1.0,1.0,1.0,1.0]","[-1218819733,698114875,-656026776,1484438404]","[117.56541907957045,403.9705987046534,122.45517307409489,396.9651072526111]","[0.8418813185629823,0.15044449555547879,0.8221259807627679,0.14436593007848975]","[0.06230529613913768,0.8494795254092186,0.12005166817053357,0.8555580908862076]"
200,17035,511.13525504393033,1.167265842964599,10.416250183963756,229.00929916837129,3,"[0.03325929845817211,0.01565143456855158,0.0]","[3.0,3.0,3.0]","[365.0,365.0,365.0]","[1.167265842964599,1.167265842964599,1.167265842964599]","[0.5282359166886159,0.7160531315112348,0.15064505772230896]","[10.371400295642411,20.5009608712253,10.416250183963756]","[0.4693620340164649,0.4693620340164649,0.4693620340164649]","[7.0,7.0,7.0]","[1.0,1.0,1.0]","[534355097,-899794320,752525288]","[229.00929916837129,167.30254342107924,406.8643758881069]","[0.5282359166886159,0.7160531315112348,0.15064505772230896]","[0.373678000324169,0.2425972358125495,0.8490903253439233]"
200,17035,520.5000000268675,1.5852217927733379,17.376520279044254,285.8385319708347,4,"[0.0,0.0,0.0,0.021133525455201144]","[3.0,3.0,3.0,3.0]","[365.0,365.0,365.0,365.0]","[1.5852217927733379,1.5852217927733379,1.5852217927733379,1.5852217927733379]","[0.46493756001442516,0.11911623438386099,0.1306436119048798,0.6954851104348012]","[20.733099070924304,13.565435798408734,14.019941487164202,22.512511844770085]","[0.47796143253155876,0.47796143253155876,0.47796143253155876,0.47796143253155876]","[7.0,7.0,7.0,7.0]","[1.0,1.0,1.0,1.0]","[1434380778,1277779387,1616207432,-892884871]","[157.905283999877,413.77177994179243,414.5607658527305,115.91395094660092]","[0.46493756001442516,0.11911623438386099,0.1306436119048798,0.6954851104348012]","[0.534101825140538,0.8799231507711022,0.8683957732500833,0.2439961575282314]"
200,17035,509.48974322334374,1.0987088738336364,12.805317199533787,186.49780780642325,1,"[0.013739236349909065]","[3.0]","[365.0]","[1.0987088738336364]","[0.7478070070450505]","[12.805317199533787]","[0.46785100387818523]","[7.0]","[1.0]","[1333004426]","[186.49780780642325]","[0.7478070070450505]","[0.21982778159854505]"
200,17035,699.4551337362393,1.0,13.555065102708125,173.70970982215903,3,"[0.01858589546774594,0.0,0.020015579734495626]","[3.0,3.0,3.0]","[365.0,365.0,365.0]","[1.0,1.0,1.0]","[0.7391467659095885,0.13582000534122032,0.7391467659095885]","[14.36646603892291,10.07084543707454,13.555065102708125]","[0.6422912155521022,0.6422912155521022,0.6422912155521022]","[7.0,7.0,7.0]","[1.0,1.0,1.0]","[2114302697,1957209502,-651209952]","[171.4234397792882,418.2512800122882,173.70970982215903]","[0.7391467659095885,0.13582000534122032,0.7391467659095885]","[0.21016358721220407,0.8635292971168114,0.21588232427920284]"
200,17035,672.2452653060029,1.0096022250240428,12.247371637595085,200.12620180764654,1,"[0.03272615090860581]","[3.0]","[365.0]","[1.0096022250240428]","[0.6366723904037858]","[12.247371637595085]","[0.6173051104738319]","[7.0]","[1.0]","[1900466645]","[200.12620180764654]","[0.6366723904037858]","[0.28561004429328707]"
200,17035,760.6908232524528,1.0656005960796986,12.94418227886326,162.55480843447626,1,"[0.018404323507073224]","[3.0]","[365.0]","[1.0656005960796986]","[0.7729815872970754]","[12.94418227886326]","[0.6985223354017014]","[7.0]","[1.0]","[1194597256]","[162.55480843447626]","[0.7729815872970754]","[0.18930161321561031]"
200,17035,607.1365967842116,1.2289219481327796,17.62131075566938,144.3014560074041,1,"[0.021411985488696307]","[3.0]","[365.0]","[1.2289219481327796]","[0.7378899614566111]","[17.62131075566938]","[0.5575175360736563]","[7.0]","[1.0]","[-1936596670]","[144.3014560074041]","[0.7378899614566111]","[0.2025903242392035]"
200,17035,608.8889552185146,1.0435897714661833,9.0131938662309,409.4835974157128,1,"[0.0]","[3.0]","[365.0]","[1.0435897714661833]","[0.14616786728880668]","[9.0131938662309]","[0.5591266806414276]","[7.0]","[1.0]","[46520658]","[409.4835974157128]","[0.14616786728880668]","[0.8523721699201199]"
200,17035,658.0499980040294,1.3350834679452097,20.742048619354396,139.8129143899591,5,"[0.0,0.05470708929290136,0.022794620538708902,0.0,0.018235696430967122]","[3.0,3.0,3.0,3.0,3.0]","[365.0,365.0,365.0,365.0,365.0]","[1.3350834679452097,1.3350834679452097,1.3350834679452097,1.3350834679452097,1.3350834679452097]","[0.1413266473399952,0.7415849881926629,0.7841349465315862,0.1565230610324678,0.788693870639328]","[13.981920272707166,20.742048619354396,25.842630410978632,13.54237299325286,25.353660156635843]","[0.6042699706189434,0.6042699706189434,0.6042699706189434,0.6042699706189434,0.6042699706189434]","[7.0,7.0,7.0,7.0,7.0]","[1.0,1.0,1.0,1.0,1.0]","[978377731,-1305390529,-1713272166,-343904407,-1519135556]","[391.6042894465951,139.8129143899591,109.73547529652154,396.5407297142698,124.68246539411679]","[0.1413266473399952,0.7415849881926629,0.7841349465315862,0.1565230610324678,0.788693870639328]","[0.858597373624702,0.11093381995504999,0.13828736460150068,0.8434009599322294,0.1717194747249404]"
200,17035,500.0,1.0,10.275971307189812,404.6127083780479,19,"[0.0,0.0,0.0,0.0,0.0,0.0,0.0,0.0,0.0,0.0,0.0,0.0,0.0,0.0,0.0,0.0,0.0,0.0,0.0]","[3.0,3.0,3.0,3.0,3.0,3.0,3.0,3.0,3.0,3.0,3.0,3.0,3.0,3.0,3.0,3.0,3.0,3.0,3.0]","[365.0,365.0,365.0,365.0,365.0,365.0,365.0,365.0,365.0,365.0,365.0,365.0,365.0,365.0,365.0,365.0,365.0,365.0,365.0]","[1.0,1.0,1.0,1.0,1.0,1.0,1.0,1.0,1.0,1.0,1.0,1.0,1.0,1.0,1.0,1.0,1.0,1.0,1.0]","[0.124,0.132,0.15,0.142,0.176,0.128,0.158,0.134,0.178,0.196,0.158,0.148,0.182,0.144,0.144,0.132,0.176,0.16,0.154]","[11.32183112035411,10.53309609531213,10.275971307189812,10.217030860146005,9.691646269102485,10.888302283533436,10.755642280429479,10.000108122662619,10.518829710653987,9.76182666124104,10.382329106816867,9.186017453762693,10.667381226315454,9.54924122763551,9.229653845800046,11.122981538971137,9.899167855355746,11.198598399799737,9.737234589212306]","[0.4591368227731864,0.4591368227731864,0.4591368227731864,0.4591368227731864,0.4591368227731864,0.4591368227731864,0.4591368227731864,0.4591368227731864,0.4591368227731864,0.4591368227731864,0.4591368227731864,0.4591368227731864,0.4591368227731864,0.4591368227731864,0.4591368227731864,0.4591368227731864,0.4591368227731864,0.4591368227731864,0.4591368227731864]","[7.0,7.0,7.0,7.0,7.0,7.0,7.0,7.0,7.0,7.0,7.0,7.0,7.0,7.0,7.0,7.0,7.0,7.0,7.0]","[1.0,1.0,1.0,1.0,1.0,1.0,1.0,1.0,1.0,1.0,1.0,1.0,1.0,1.0,1.0,1.0,1.0,1.0,1.0]","[436595324,673983418,-197062923,-1323762610,651478789,-297543112,-2092681498,-649764017,-672479773,2018252925,-955750563,716303870,768061061,382010316,-1832595941,-1362715256,-938560834,-348918743,1616496534]","[433.04670837804815,425.1187083780482,409.0027083780477,424.5587083780479,408.0407083780477,403.17070837804755,401.1847083780479,406.7647083780478,384.6627083780481,386.0707083780473,391.66270837804774,402.8167083780478,392.0387083780478,404.6127083780479,403.3847083780476,415.70470837804777,414.5547083780481,403.20270837804776,410.84670837804765]","[0.124,0.132,0.15,0.142,0.176,0.128,0.158,0.134,0.178,0.196,0.158,0.148,0.182,0.144,0.144,0.132,0.176,0.16,0.154]","[0.876,0.868,0.85,0.858,0.824,0.872,0.842,0.866,0.822,0.804,0.842,0.852,0.818,0.856,0.856,0.868,0.824,0.84,0.846]"
200,17035,608.876613533408,1.0,10.603998994607148,200.22466301792986,1,"[0.016423688769993]","[3.0]","[365.0]","[1.0]","[0.640523862029727]","[10.603998994607148]","[0.5591153475972525]","[7.0]","[1.0]","[1319314011]","[200.22466301792986]","[0.640523862029727]","[0.3186195621378642]"
200,17035,509.4899532451057,1.0987087505500452,10.26624508337561,398.29778319075626,5,"[0.0,0.0,0.0,0.021590219649940994,0.0]","[3.0,3.0,3.0,3.0,3.0]","[365.0,365.0,365.0,365.0,365.0]","[1.0987087505500452,1.0987087505500452,1.0987087505500452,1.0987087505500452,1.0987087505500452]","[0.17860999892223914,0.15113153754958697,0.14524329582687578,0.7242537318934752,0.1315040651405497]","[9.742624347877664,9.60504497185516,11.437171175008642,14.587214346383144,10.26624508337561]","[0.46785119673563424,0.46785119673563424,0.46785119673563424,0.46785119673563424,0.46785119673563424]","[7.0,7.0,7.0,7.0,7.0]","[1.0,1.0,1.0,1.0,1.0]","[1518918809,287541967,719565117,233251690,527326513]","[386.87459424869644,398.29778319075626,406.4471097349885,219.9350904208712,404.9881549324417]","[0.17860999892223914,0.15113153754958697,0.14524329582687578,0.7242537318934752,0.1315040651405497]","[0.8204283466977578,0.84790680807041,0.8537950497931212,0.22767867994483232,0.8675342804794473]"
200,17035,693.0636844489343,1.3161179807260863,19.38351600151715,136.07225535193098,1,"[0.02885737696082332]","[3.0]","[365.0]","[1.3161179807260863]","[0.7373059813490358]","[19.38351600151715]","[0.6364221161147239]","[7.0]","[1.0]","[2008780094]","[136.07225535193098]","[0.7373059813490358]","[0.19334442563751625]"
200,17035,589.2968285362269,1.2912530303987313,15.235703278030284,158.05027191470745,1,"[0.006787750767191004]","[3.0]","[365.0]","[1.2912530303987313]","[0.722895456705842]","[15.235703278030284]","[0.5411357470488769]","[7.0]","[1.0]","[1781317619]","[158.05027191470745]","[0.722895456705842]","[0.2460559653106739]"
200,17035,789.5182569106972,1.0,20.083346757591567,149.1179181736754,2,"[0.015199141875394688,0.01773233218796047]","[3.0,3.0]","[365.0,365.0]","[1.0,1.0]","[0.776422830801412,0.8118874951773329]","[20.190554941077675,19.97613857410546]","[0.7249938079988038,0.7249938079988038]","[7.0,7.0]","[1.0,1.0]","[-180209267,1546851021]","[146.30224221900173,151.93359412834909]","[0.776422830801412,0.8118874951773329]","[0.16972375094190736,0.12792611078457197]"
200,17035,514.9205717659227,1.7810736786119703,21.132585665857643,120.56232080603735,5,"[0.0,0.0,0.007768188375698372,0.021362518033170526,0.01942047093924593]","[3.0,3.0,3.0,3.0,3.0]","[365.0,365.0,365.0,365.0,365.0]","[1.7810736786119703,1.7810736786119703,1.7810736786119703,1.7810736786119703,1.7810736786119703]","[0.16313195588966584,0.14953762623219366,0.8078915910726308,0.8389643445754242,0.8059495439787061]","[15.92850408678675,15.618893344925306,21.132585665857643,27.85706777870815,35.02380777441928]","[0.4728379906023165,0.4728379906023165,0.4728379906023165,0.4728379906023165,0.4728379906023165]","[7.0,7.0,7.0,7.0,7.0]","[1.0,1.0,1.0,1.0,1.0]","[1488295509,1131094167,-606387633,-1732301761,1342031766]","[394.25727639205945,397.07556300441036,120.56232080603735,98.18414697606889,87.59591065019777]","[0.16313195588966584,0.14953762623219366,0.8078915910726308,0.8389643445754242,0.8059495439787061]","[0.835080250387575,0.8486745800450471,0.14953762623219366,0.08933416632053129,0.12234896691724936]"
200,17035,686.9155737675294,1.471893349983934,22.92646545274621,106.483302501805,1,"[0.027659876592680235]","[3.0]","[365.0]","[1.471893349983934]","[0.8065037701234132]","[22.92646545274621]","[0.6307764681060876]","[7.0]","[1.0]","[-63393257]","[106.483302501805]","[0.8065037701234132]","[0.12374155317778]"
200,17035,509.48973816548903,1.0987088919578865,9.961443770112606,405.71135425936563,4,"[0.03336671718102038,0.0,0.0,0.0]","[3.0,3.0,3.0,3.0]","[365.0,365.0,365.0,365.0]","[1.0987088919578865,1.0987088919578865,1.0987088919578865,1.0987088919578865]","[0.7085520530793152,0.1393551129324969,0.14720610521038405,0.1373923648630251]","[14.90643049642937,9.537070483774222,9.937053364203685,9.985834176021529]","[0.46785099923369056,0.46785099923369056,0.46785099923369056,0.46785099923369056]","[7.0,7.0,7.0,7.0]","[1.0,1.0,1.0,1.0]","[943191645,547238002,608923843,1446177392]","[202.4706535074949,412.2923476301678,402.4140384087894,409.00867010994193]","[0.7085520530793152,0.1393551129324969,0.14720610521038405,0.1373923648630251]","[0.19431205887770694,0.8596836544286428,0.8518326621507557,0.8616464024981146]"
200,17035,1284.6249643634337,1.00849564634217,25.295711786914488,95.06069814220882,2,"[0.037364990819546536,0.017904058101032717]","[3.0,3.0]","[365.0,365.0]","[1.00849564634217,1.00849564634217]","[0.8049041772377317,0.839155418822316]","[26.600417038634777,23.9910065351942]","[1.1796372491858895,1.1796372491858895]","[7.0,7.0]","[1.0,1.0]","[-738971650,-682249758]","[92.71903631216607,97.40235997225157]","[0.8049041772377317,0.839155418822316]","[0.10119685013627187,0.1105380978411585]"
200,17035,699.4551337362393,1.371874019026909,21.89953137017081,115.52846180666926,5,"[0.0,0.028593685334993752,0.025734316801494378,0.020015579734495626,0.0]","[3.0,3.0,3.0,3.0,3.0]","[365.0,365.0,365.0,365.0,365.0]","[1.371874019026909,1.371874019026909,1.371874019026909,1.371874019026909,1.371874019026909]","[0.1158044256067247,0.8177794005808213,0.8006231893798251,0.7977638208463257,0.14153874240821906]","[15.047575780299342,27.09061530178861,21.89953137017081,24.504689566535323,15.270606525912308]","[0.6422912155521022,0.6422912155521022,0.6422912155521022,0.6422912155521022,0.6422912155521022]","[7.0,7.0,7.0,7.0,7.0]","[1.0,1.0,1.0,1.0,1.0]","[-1257254997,-2118692681,-73839323,-1322093184,923793278]","[428.6302999343046,111.44993986037018,115.52846180666926,114.66282869872232,395.5108795066505]","[0.1158044256067247,0.8177794005808213,0.8006231893798251,0.7977638208463257,0.14153874240821906]","[0.883544876851307,0.11151537280647564,0.12438253120722283,0.15440590080896627,0.8578105600498126]"
200,17035,1113.2369841646357,1.2679621008497959,30.852571877088188,71.37195265656509,6,"[0.02694843993393892,0.02694843993393892,0.035032971914120595,0.03054156525846411,0.021558751947151136,0.023355314609413733]","[3.0,3.0,3.0,3.0,3.0,3.0]","[365.0,365.0,365.0,365.0,365.0,365.0]","[1.2679621008497959,1.2679621008497959,1.2679621008497959,1.2679621008497959,1.2679621008497959,1.2679621008497959]","[0.85157070191247,0.866841484541702,0.8192325739917432,0.8300119499653188,0.8578586712303891,0.8587569525615203]","[32.35601474179281,31.17160005314339,30.533543701032983,32.255592652642356,28.714602872878594,29.586548871899826]","[1.0222561838059097,1.0222561838059097,1.0222561838059097,1.0222561838059097,1.0222561838059097,1.0222561838059097]","[7.0,7.0,7.0,7.0,7.0,7.0]","[1.0,1.0,1.0,1.0,1.0,1.0]","[2030355027,-296342222,684829938,-180897444,390220606,1974586937]","[68.75036575982098,71.17183482022558,73.86275515985065,71.53833360332715,71.20557170980302,75.0634869550118]","[0.85157070191247,0.866841484541702,0.8192325739917432,0.8300119499653188,0.8578586712303891,0.8587569525615203]","[0.06467625584145341,0.060184849185796925,0.07365906915276639,0.07276078782163509,0.08892985178199844,0.08354016379521066]"
200,17035,607.1368001491975,1.228921267388344,17.107998998713086,159.64061855345668,3,"[0.02635320408196006,0.03294150510245007,0.0]","[3.0,3.0,3.0]","[365.0,365.0,365.0]","[1.228921267388344,1.228921267388344,1.228921267388344]","[0.6884774566412065,0.7313014132743917,0.15976629974688286]","[20.43082562563198,17.107998998713086,12.317531598101587]","[0.5575177228183632,0.5575177228183632,0.5575177228183632]","[7.0,7.0,7.0]","[1.0,1.0,1.0]","[-261397231,812840680,-285623212]","[145.93359078165219,159.64061855345668,392.0597082662159]","[0.6884774566412065,0.7313014132743917,0.15976629974688286]","[0.24212006250300805,0.1712958265327404,0.8400083801124769]"
200,17035,1500.0,1.0,30.084285191941227,75.45841293456522,24,"[0.032,0.018666666666666668,0.028666666666666667,0.027333333333333334,0.030666666666666665,0.024666666666666667,0.02666666666666667,0.022,0.023333333333333334,0.02666666666666667,0.021333333333333333,0.02266666666666667,0.025333333333333333,0.024,0.022,0.025333333333333333,0.025333333333333333,0.03133333333333333,0.029333333333333333,0.021333333333333333,0.028666666666666667,0.027333333333333334,0.021333333333333333,0.03133333333333333]","[3.0,3.0,3.0,3.0,3.0,3.0,3.0,3.0,3.0,3.0,3.0,3.0,3.0,3.0,3.0,3.0,3.0,3.0,3.0,3.0,3.0,3.0,3.0,3.0]","[365.0,365.0,365.0,365.0,365.0,365.0,365.0,365.0,365.0,365.0,365.0,365.0,365.0,365.0,365.0,365.0,365.0,365.0,365.0,365.0,365.0,365.0,365.0,365.0]","[1.0,1.0,1.0,1.0,1.0,1.0,1.0,1.0,1.0,1.0,1.0,1.0,1.0,1.0,1.0,1.0,1.0,1.0,1.0,1.0,1.0,1.0,1.0,1.0]","[0.836,0.86,0.8366666666666667,0.8446666666666667,0.854,0.8326666666666667,0.8553333333333333,0.854,0.8373333333333334,0.8353333333333334,0.8453333333333334,0.8566666666666667,0.8446666666666667,0.836,0.8406666666666667,0.8293333333333334,0.8293333333333334,0.842,0.8353333333333334,0.8473333333333334,0.8406666666666667,0.8426666666666667,0.8553333333333333,0.846]","[34.762477995074356,30.484783664676495,31.491268129693506,28.925132304141027,30.13012963107096,29.888762351703093,26.943750146324877,31.675187508427975,32.035473441471,32.37255486235152,29.64048983384268,30.155308797368978,28.02127434692037,30.038440752811496,32.91064133661292,32.452186126356295,28.357000514935198,29.657772018174484,29.79940010343407,28.950500822655073,30.851232915966765,29.063206228235817,27.54401362742568,31.381179021360193]","[1.3774104683195592,1.3774104683195592,1.3774104683195592,1.3774104683195592,1.3774104683195592,1.3774104683195592,1.3774104683195592,1.3774104683195592,1.3774104683195592,1.3774104683195592,1.3774104683195592,1.3774104683195592,1.3774104683195592,1.3774104683195592,1.3774104683195592,1.3774104683195592,1.3774104683195592,1.3774104683195592,1.3774104683195592,1.3774104683195592,1.3774104683195592,1.3774104683195592,1.3774104683195592,1.3774104683195592]","[7.0,7.0,7.0,7.0,7.0,7.0,7.0,7.0,7.0,7.0,7.0,7.0,7.0,7.0,7.0,7.0,7.0,7.0,7.0,7.0,7.0,7.0,7.0,7.0]","[1.0,1.0,1.0,1.0,1.0,1.0,1.0,1.0,1.0,1.0,1.0,1.0,1.0,1.0,1.0,1.0,1.0,1.0,1.0,1.0,1.0,1.0,1.0,1.0]","[-1480633238,1477493082,-1956993088,-171685165,-1463002039,-1299952512,-482356003,-412477689,1161634914,-1730325436,872483389,1967481721,-388400794,1176814503,1101591465,1970587954,-348226942,-967081591,986819319,2114224414,958302915,1810168711,627630472,-1766944197]","[70.17612403710778,72.3946045159652,73.77214133870784,77.24147467204116,74.48455817575584,75.26074626789845,79.99301107737448,72.25595324656521,74.68067276143505,73.92880800537449,75.72366132749889,76.46007960123193,80.76653148357494,76.26455817575588,69.48661991323185,73.04400609476832,75.65607960123197,77.65674626789851,77.09995324656522,87.97751910791705,73.35529953281552,76.93074626789856,83.74874626789851,74.46367672476563]","[0.836,0.86,0.8366666666666667,0.8446666666666667,0.854,0.8326666666666667,0.8553333333333333,0.854,0.8373333333333334,0.8353333333333334,0.8453333333333334,0.8566666666666667,0.8446666666666667,0.836,0.8406666666666667,0.8293333333333334,0.8293333333333334,0.842,0.8353333333333334,0.8473333333333334,0.8406666666666667,0.8426666666666667,0.8553333333333333,0.846]","[0.08533333333333333,0.08733333333333333,0.07933333333333334,0.072,0.07066666666666667,0.09,0.07466666666666667,0.07866666666666666,0.092,0.1,0.082,0.07333333333333333,0.094,0.09533333333333334,0.096,0.09466666666666666,0.10733333333333334,0.07666666666666666,0.09266666666666666,0.08466666666666667,0.072,0.08266666666666667,0.076,0.076]"
200,17035,619.5545948341019,2.644298738715534,30.144049209789298,46.57360496377578,1,"[0.022596878655623206]","[3.0]","[365.0]","[2.644298738715534]","[0.8780501420470732]","[30.144049209789298]","[0.5689206564133167]","[7.0]","[1.0]","[1616213914]","[46.57360496377578]","[0.8780501420470732]","[0.04519375731124641]"
200,17035,504.5511559243867,1.8662145566707742,24.330980441620174,111.18558191610359,2,"[0.023783515029342932,0.005945878757335733]","[3.0,3.0]","[365.0,365.0]","[1.8662145566707742,1.8662145566707742]","[0.8225132280981097,0.8244951876838883]","[24.779494768808114,23.882466114432233]","[0.46331602931532295,0.46331602931532295]","[7.0,7.0]","[1.0,1.0]","[-1898612135,-240822072]","[102.21951554920726,120.1516482829999]","[0.8225132280981097,0.8244951876838883]","[0.1228814943182718,0.13477325183294328]"
200,17035,924.7364670155027,1.2780136767465051,22.968979109691812,97.55617099065414,1,"[0.009732502524796743]","[3.0]","[365.0]","[1.2780136767465051]","[0.8542974438432697]","[22.968979109691812]","[0.8491611267359989]","[7.0]","[1.0]","[-725830802]","[97.55617099065414]","[0.8542974438432697]","[0.10165058192565486]"
200,17035,1110.873390967267,1.38348728396506,29.057050928132533,69.08311025621421,2,"[0.03060654821373955,0.028806163024696047]","[3.0,3.0]","[365.0,365.0]","[1.38348728396506,1.38348728396506]","[0.8470812314449682,0.8470812314449682]","[27.403269469681273,30.71083238658379]","[1.0200857584639733,1.0200857584639733]","[7.0,7.0]","[1.0,1.0]","[196136343,1745732838]","[71.79624275182599,66.36997776060244]","[0.8470812314449682,0.8470812314449682]","[0.06841463718365311,0.08191752610147938]"
200,17035,964.1965481167101,1.79142681248292,28.04676712664029,55.97858226742576,1,"[0.02281692466434451]","[3.0]","[365.0]","[1.79142681248292]","[0.8805258654558403]","[28.04676712664029]","[0.8853962792623601]","[7.0]","[1.0]","[-1473545113]","[55.97858226742576]","[0.8805258654558403]","[0.062227976357303205]"
200,17035,608.876553520219,1.6517164927231613,24.767805403708785,99.75162751411787,2,"[0.02956264269979362,0.01970842846652908]","[3.0,3.0]","[365.0,365.0]","[1.6517164927231613,1.6517164927231613]","[0.7932642457777954,0.8080455671276923]","[22.272312056508277,27.263298750909296]","[0.5591152924887227,0.5591152924887227]","[7.0,7.0]","[1.0,1.0]","[-339809680,967310237]","[96.49144143390323,103.0118135943325]","[0.7932642457777954,0.8080455671276923]","[0.13960136830458098,0.10511161848815509]"
200,17035,509.48984636366475,1.0987087798577093,10.420308631752018,396.4790655025221,4,"[0.0,0.0,0.0,0.0]","[3.0,3.0,3.0,3.0]","[365.0,365.0,365.0,365.0]","[1.0987087798577093,1.0987087798577093,1.0987087798577093,1.0987087798577093]","[0.15309431690680836,0.1472060739488542,0.1707590457806709,0.13739233568559725]","[8.971630411996705,11.178543679567381,10.139559570905172,10.701057692598864]","[0.46785109858922386,0.46785109858922386,0.46785109858922386,0.46785109858922386]","[7.0,7.0,7.0,7.0]","[1.0,1.0,1.0,1.0]","[94006000,-884050172,-1585530713,-597510260]","[413.87787329379154,396.60009130070176,394.3959256867739,396.35803970434233]","[0.15309431690680836,0.1472060739488542,0.1707590457806709,0.13739233568559725]","[0.8459442382927488,0.851832481250703,0.8282795094188863,0.8616462195139599]"
200,17035,1192.0812134147204,1.0,24.818667358492732,101.95871211265543,3,"[0.02264946355681457,0.021810594536191805,0.02768267768055114]","[3.0,3.0,3.0]","[365.0,365.0,365.0]","[1.0,1.0,1.0]","[0.802797652735983,0.8288025923752886,0.8178972951071928]","[27.290474589181493,23.665569547063882,24.818667358492732]","[1.094656761629679,1.094656761629679,1.094656761629679]","[7.0,7.0,7.0]","[1.0,1.0,1.0]","[1817945945,1261156207,-1864809054]","[94.1812730256839,101.95871211265543,102.79496164710332]","[0.802797652735983,0.8288025923752886,0.8178972951071928]","[0.13757451938213294,0.1207971389696777,0.10401975855722247]"
200,17035,722.8638773593145,1.9055677012263397,30.317687142714195,61.149763311629954,3,"[0.02351756745973045,0.01383386321160615,0.0276677264232123]","[3.0,3.0,3.0]","[365.0,365.0,365.0]","[1.9055677012263397,1.9055677012263397,1.9055677012263397]","[0.879833700258151,0.8687666096888661,0.8576995191195812]","[32.18784602364929,30.317687142714195,26.85873583821489]","[0.6637868478965239,0.6637868478965239,0.6637868478965239]","[7.0,7.0,7.0]","[1.0,1.0,1.0]","[1332637635,-116241999,777824106]","[60.58777612063979,61.149763311629954,71.93797162104701]","[0.879833700258151,0.8687666096888661,0.8576995191195812]","[0.04841852124062152,0.08300317926963689,0.06778592973687013]"
200,17035,511.1353592766909,1.167265272354287,12.183401990839021,386.98729322184346,5,"[0.013695002454742556,0.0,0.0,0.0,0.0]","[3.0,3.0,3.0,3.0,3.0]","[365.0,365.0,365.0,365.0,365.0]","[1.167265272354287,1.167265272354287,1.167265272354287,1.167265272354287,1.167265272354287]","[0.7727894242319013,0.1330371667032134,0.14086288239163772,0.16238360053480458,0.1702093162232289]","[13.5528444944515,12.183401990839021,10.18731818710866,11.21610540741199,13.392766972524482]","[0.469362129730662,0.469362129730662,0.469362129730662,0.469362129730662,0.469362129730662]","[7.0,7.0,7.0,7.0,7.0]","[1.0,1.0,1.0,1.0,1.0]","[-475496661,-800517088,506154334,-908737684,-1447497955]","[194.92432457991387,407.4850407966127,419.06066958062127,386.98729322184346,385.81841592962667]","[0.7727894242319013,0.1330371667032134,0.14086288239163772,0.16238360053480458,0.1702093162232289]","[0.1897736054442897,0.8666980124929932,0.8588722968045689,0.837351578661402,0.8295258629729777]"
200,17035,686.9154106026383,1.4718927321238597,22.36673933051805,114.183963147249,3,"[0.011646266594865754,0.02183674986537329,0.02183674986537329]","[3.0,3.0,3.0]","[365.0,365.0,365.0]","[1.4718927321238597,1.4718927321238597,1.4718927321238597]","[0.7686535952611397,0.8443543281277672,0.8035923950457371]","[21.490960440427664,27.827327100737335,22.36673933051805]","[0.6307763182760683,0.6307763182760683,0.6307763182760683]","[7.0,7.0,7.0]","[1.0,1.0,1.0]","[1062664224,-336508034,-1119366259]","[115.97413041507815,100.94238555427566,114.183963147249]","[0.7686535952611397,0.8443543281277672,0.8035923950457371]","[0.20526544873450892,0.07278916621791097,0.14557833243582194]"
200,17035,979.4070778393343,1.2509831463993244,24.23992864837517,92.6830114233998,1,"[0.027567699489740857]","[3.0]","[365.0]","[1.2509831463993244]","[0.8474515028327745]","[24.23992864837517]","[0.8993637078414456]","[7.0]","[1.0]","[420388301]","[92.6830114233998]","[0.8474515028327745]","[0.0806610466551677]"
200,17035,662.8664805233399,1.7052477084802915,27.43233742062136,84.10170340868942,3,"[0.022628991570304395,0.018103193256243516,0.0]","[3.0,3.0,3.0]","[365.0,365.0,365.0]","[1.7052477084802915,1.7052477084802915,1.7052477084802915]","[0.8282210914731408,0.8629188785476076,0.15387714267806987]","[27.43233742062136,31.10965084803702,13.548124532441028]","[0.608692819580661,0.608692819580661,0.608692819580661]","[7.0,7.0,7.0]","[1.0,1.0,1.0]","[-505211347,-889724098,-1775758688]","[84.10170340868942,82.13250628849917,392.30729648878633]","[0.8282210914731408,0.8629188785476076,0.15387714267806987]","[0.09051596628121758,0.06788697471091318,0.8448156852913641]"
200,17035,550.3397416206354,1.5913124441996622,15.707813440055482,391.36288345400095,8,"[0.0,0.023621772183338458,0.0,0.01998765338590177,0.036341187974366855,0.0,0.0,0.0]","[3.0,3.0,3.0,3.0,3.0,3.0,3.0,3.0]","[365.0,365.0,365.0,365.0,365.0,365.0,365.0,365.0]","[1.5913124441996622,1.5913124441996622,1.5913124441996622,1.5913124441996622,1.5913124441996622,1.5913124441996622,1.5913124441996622,1.5913124441996622]","[0.14536475189746742,0.8067743730309442,0.17080358347952423,0.7849696602463241,0.7849696602463241,0.13627945490387572,0.17262064287824258,0.13264533610643903]","[14.089536266559813,18.170430588348633,14.508924586442712,21.699299138181498,23.059249835901202,14.731855792110261,15.135362054388262,16.2802648257227]","[0.5053624808270298,0.5053624808270298,0.5053624808270298,0.5053624808270298,0.5053624808270298,0.5053624808270298,0.5053624808270298,0.5053624808270298]","[7.0,7.0,7.0,7.0,7.0,7.0,7.0,7.0]","[1.0,1.0,1.0,1.0,1.0,1.0,1.0,1.0]","[-1907100119,1736667729,1374096771,1724079547,-865108294,-1316874765,-1417177696,1968847208]","[394.9755026920594,131.79080232229558,405.7161407978832,118.47391825762912,126.64670716452385,408.3553354251717,387.7502642159425,414.35211967983554]","[0.14536475189746742,0.8067743730309442,0.17080358347952423,0.7849696602463241,0.7849696602463241,0.13627945490387572,0.17262064287824258,0.13264533610643903]","[0.8540179173976211,0.1144747421192556,0.8285790858155644,0.15990122708721416,0.11992592031541063,0.8631032143912128,0.826762026416846,0.8667373331886495]"
200,17035,921.1054215366732,2.0878037007096513,32.57835904536644,40.971722017081255,2,"[0.02388434535896832,0.02388434535896832]","[3.0,3.0]","[365.0,365.0]","[2.0878037007096513,2.0878037007096513]","[0.8902346906524555,0.8772068659112001]","[31.606082802222886,33.550635288509994]","[0.8458268333670094,0.8458268333670094]","[7.0,7.0]","[1.0,1.0]","[-1523516758,-148551284]","[40.391079764836086,41.552364269326425]","[0.8902346906524555,0.8772068659112001]","[0.03582651803845248,0.03256956185313862]"
200,17035,662.8664771454502,1.705248279628294,25.664022117285544,89.24785260920432,3,"[0.0392235855884064,0.027154790022742892,0.02866338946845083]","[3.0,3.0,3.0]","[365.0,365.0,365.0]","[1.705248279628294,1.705248279628294,1.705248279628294]","[0.8025749051166232,0.8372726923679058,0.83425549347649]","[25.664022117285544,26.350156200571675,25.42417855386683]","[0.608692816478834,0.608692816478834,0.608692816478834]","[7.0,7.0,7.0]","[1.0,1.0,1.0]","[-6016482,-976984413,1109611561]","[89.24785260920432,80.87351007434093,100.56665855399211]","[0.8025749051166232,0.8372726923679058,0.83425549347649]","[0.10409336175384776,0.10409336175384776,0.0859901684053525]"
200,17035,1024.818548358243,1.2145775478796292,28.505691342841533,82.28050322464813,4,"[0.019515649899233337,0.019515649899233337,0.02146721488915667,0.028297692353888335]","[3.0,3.0,3.0,3.0]","[365.0,365.0,365.0,365.0]","[1.2145775478796292,1.2145775478796292,1.2145775478796292,1.2145775478796292]","[0.840148728161995,0.8538096830914584,0.83722138067711,0.8216088607577234]","[30.152985946427112,30.1484058023453,26.862976883337765,26.537005864218916]","[0.9410638644244657,0.9410638644244657,0.9410638644244657,0.9410638644244657]","[7.0,7.0,7.0,7.0]","[1.0,1.0,1.0,1.0]","[-963400346,-662583399,-327125711,-726189149]","[79.99089711575992,77.43825010894027,84.57010933353634,88.97703501173942]","[0.840148728161995,0.8538096830914584,0.83722138067711,0.8216088607577234]","[0.09562668450624334,0.08586885955662668,0.08294151207174168,0.11123920442563001]"
200,17035,674.011386004305,2.401054573672038,29.601078379744525,48.70752673139384,1,"[0.03857501600104117]","[3.0]","[365.0]","[2.401054573672038]","[0.8857417135623683]","[29.601078379744525]","[0.6189268925659366]","[7.0]","[1.0]","[-611707082]","[48.70752673139384]","[0.8857417135623683]","[0.02522212584683461]"
200,17035,611.9305911209785,3.7325530540251086,34.94235890009982,22.469028596708775,4,"[0.019610067177745657,0.014707550383309244,0.040854306620303454,0.029415100766618487]","[3.0,3.0,3.0,3.0]","[365.0,365.0,365.0,365.0]","[3.7325530540251086,3.7325530540251086,3.7325530540251086,3.7325530540251086]","[0.9314781909429187,0.9282098464132945,0.8906238843226153,0.9151364682947974]","[34.40077223060814,33.79355107138018,35.483945569591505,36.7446192626169]","[0.5619197347300079,0.5619197347300079,0.5619197347300079,0.5619197347300079]","[7.0,7.0,7.0,7.0]","[1.0,1.0,1.0,1.0]","[-264616308,-1032172537,-236499898,-926109209]","[22.66730395328642,22.983622003185914,22.27075324013113,20.114136794957044]","[0.9314781909429187,0.9282098464132945,0.8906238843226153,0.9151364682947974]","[0.009805033588872828,0.009805033588872828,0.016341722648121382,0.014707550383309244]"
200,17035,546.9334815102511,3.3707735386117332,33.57797518572421,31.542667389814774,3,"[0.02559726268968158,0.02376888678327575,0.03108239040889906]","[3.0,3.0,3.0]","[365.0,365.0,365.0]","[3.3707735386117332,3.3707735386117332,3.3707735386117332]","[0.8904190664196378,0.8959041941388552,0.8867623146068261]","[34.2402870646638,31.037917469790607,33.57797518572421]","[0.502234601937788,0.502234601937788,0.502234601937788]","[7.0,7.0,7.0]","[1.0,1.0,1.0]","[-1018862574,-2125864360,1505829699]","[29.89972453168029,32.10954686871494,31.542667389814774]","[0.8904190664196378,0.8959041941388552,0.8867623146068261]","[0.02376888678327575,0.02376888678327575,0.03108239040889906]"
200,17035,504.551028933258,2.479413721105681,29.870287154495145,65.73183284367117,3,"[0.02576548110006855,0.031711361353930524,0.02576548110006855]","[3.0,3.0,3.0]","[365.0,365.0,365.0]","[2.479413721105681,2.479413721105681,2.479413721105681]","[0.8799902775715721,0.8502608763022622,0.8423330359637795]","[29.673954863401544,29.870287154495145,33.118757303246625]","[0.46331591270271627,0.46331591270271627,0.46331591270271627]","[7.0,7.0,7.0]","[1.0,1.0,1.0]","[1464174170,1748657851,442117810]","[65.73183284367117,69.32230618167644,57.262461737792705]","[0.8799902775715721,0.8502608763022622,0.8423330359637795]","[0.0515309622001371,0.0891882038079296,0.09711604414641223]"
200,17035,662.8664467700022,1.7052482615912314,24.327150945317154,92.41751284067827,1,"[0.03168058981161022]","[3.0]","[365.0]","[1.7052482615912314]","[0.8312383326760586]","[24.327150945317154]","[0.6086927885858606]","[7.0]","[1.0]","[311580988]","[92.41751284067827]","[0.8312383326760586]","[0.08297297331612201]"
200,17035,511.1354381008462,1.1672661263952784,9.459703725145635,320.6522444130799,1,"[0.0]","[3.0]","[365.0]","[1.1672661263952784]","[0.14477571790942798]","[9.459703725145635]","[0.46936220211280644]","[7.0]","[1.0]","[-893553279]","[320.6522444130799]","[0.14477571790942798]","[0.8549593071137842]"
200,17035,626.1594999672939,2.4654830449951266,32.330317080504436,47.475405511761224,2,"[0.025552594827413344,0.027149632004126678]","[3.0,3.0]","[365.0,365.0]","[2.4654830449951266,2.4654830449951266]","[0.8735793356621937,0.8480267408347804]","[34.9455239294411,29.715110231567767]","[0.5749857667284608,0.5749857667284608]","[7.0,7.0]","[1.0,1.0]","[-2032929413,-1509962739]","[43.188652126951595,51.762158896570845]","[0.8735793356621937,0.8480267408347804]","[0.030343706357553346,0.07825482165895337]"
200,17035,652.7327588123229,2.2319784484527605,30.401758846217945,58.08964575625705,2,"[0.029108390445381306,0.029108390445381306]","[3.0,3.0]","[365.0,365.0]","[2.2319784484527605,2.2319784484527605]","[0.8625275695131408,0.8717196928116823]","[32.428877851300555,28.37463984113533]","[0.5993872900021331,0.5993872900021331]","[7.0,7.0]","[1.0,1.0]","[1382936522,1806891844]","[53.54636845795917,62.63292305455493]","[0.8625275695131408,0.8717196928116823]","[0.06128082199027643,0.06894092473906098]"
200,17035,988.1622870627848,1.7316005542204165,32.393973391620555,51.01887226826243,3,"[0.01922761093876152,0.02833542664659592,0.022263549508039653]","[3.0,3.0,3.0]","[365.0,365.0,365.0]","[1.7316005542204165,1.7316005542204165,1.7316005542204165]","[0.880422185090659,0.8854820827061225,0.8642305127211756]","[33.82584050797765,32.393973391620555,31.076041728577962]","[0.9074033857325847,0.9074033857325847,0.9074033857325847]","[7.0,7.0,7.0]","[1.0,1.0,1.0]","[237625346,-855791739,-758922836]","[47.091793263702016,51.01887226826243,54.45819570821039]","[0.880422185090659,0.8854820827061225,0.8642305127211756]","[0.05768283281628455,0.04047918092370846,0.08095836184741692]"
200,17035,504.551028933258,2.235524513209337,28.795978934416354,76.70318639568603,2,"[0.021801560930827236,0.04360312186165447]","[3.0,3.0]","[365.0,365.0]","[2.235524513209337,2.235524513209337]","[0.8661165569792274,0.8423330359637795]","[29.965964906410317,27.62599296242239]","[0.46331591270271627,0.46331591270271627]","[7.0,7.0]","[1.0,1.0]","[-907701253,-1790418145]","[72.79034450196438,80.61602828940767]","[0.8661165569792274,0.8423330359637795]","[0.05351292228475776,0.0515309622001371]"
200,17035,600.7208361304698,3.4804311171039095,31.250366252353647,26.104802606517914,1,"[0.033293334935457816]","[3.0]","[365.0]","[3.4804311171039095]","[0.9022493767509068]","[31.250366252353647]","[0.5516261121491918]","[7.0]","[1.0]","[836118489]","[26.104802606517914]","[0.9022493767509068]","[0.02164066770804758]"
200,17035,576.5655510088166,3.4967180568358813,35.68546016906602,24.93633894691302,7,"[0.02601612249249804,0.034688163323330724,0.02775053065866458,0.02601612249249804,0.038156979655663795,0.020812897993998433,0.038156979655663795]","[3.0,3.0,3.0,3.0,3.0,3.0,3.0]","[365.0,365.0,365.0,365.0,365.0,365.0,365.0]","[3.4967180568358813,3.4967180568358813,3.4967180568358813,3.4967180568358813,3.4967180568358813,3.4967180568358813,3.4967180568358813]","[0.8897513892434331,0.8949546137419326,0.8914857974095995,0.9070954709050985,0.8897513892434331,0.9244395525667638,0.8949546137419326]","[39.153815495478796,35.182026020545486,40.406337060710655,35.68546016906602,40.7625666480977,35.198751855130766,35.06903279323384]","[0.5294449504213191,0.5294449504213191,0.5294449504213191,0.5294449504213191,0.5294449504213191,0.5294449504213191,0.5294449504213191]","[7.0,7.0,7.0,7.0,7.0,7.0,7.0]","[1.0,1.0,1.0,1.0,1.0,1.0,1.0]","[-1025801415,-695541892,1702933787,-415899293,-1258494094,-261612538,1245145176]","[23.785886159885184,27.573843009266653,22.984468552729922,26.38859322587387,23.74854010007506,25.594936940404228,24.93633894691302]","[0.8897513892434331,0.8949546137419326,0.8914857974095995,0.9070954709050985,0.8897513892434331,0.9244395525667638,0.8949546137419326]","[0.012140857163165753,0.02601612249249804,0.01387526532933229,0.0017344081661665363,0.019078489827831897,0.015609673495498825,0.020812897993998433]"
200,17035,500.0,1.714610980069266,23.931232950399625,112.52358100734358,2,"[0.012,0.018]","[3.0,3.0]","[365.0,365.0]","[1.714610980069266,1.714610980069266]","[0.792,0.848]","[24.18248246036334,23.679983440435908]","[0.4591368227731864,0.4591368227731864]","[7.0,7.0]","[1.0,1.0]","[-23018335,1157967794]","[111.77717609905478,113.26998591563236]","[0.792,0.848]","[0.156,0.098]"
200,17035,1469.6906309977917,1.8408617153183338,35.65438075285,28.563951431434397,6,"[0.0312991040629891,0.029938273451554795,0.03470118059157488,0.03946408773159495,0.03742284181444349,0.04218574895446357]","[3.0,3.0,3.0,3.0,3.0,3.0]","[365.0,365.0,365.0,365.0,365.0,365.0]","[1.8408617153183338,1.8408617153183338,1.8408617153183338,1.8408617153183338,1.8408617153183338,1.8408617153183338]","[0.8790965749865635,0.9049523566038153,0.8879419739608865,0.8893028045723208,0.8852203127380179,0.8661686841779376]","[40.9825178227178,35.28250476727557,34.907942029842374,36.026256738424436,34.4301087476332,41.825632717633106]","[1.3495781735516912,1.3495781735516912,1.3495781735516912,1.3495781735516912,1.3495781735516912,1.3495781735516912]","[7.0,7.0,7.0,7.0,7.0,7.0]","[1.0,1.0,1.0,1.0,1.0,1.0]","[-2104440161,-1207458974,-1661808557,919556630,1203672791,2106372272]","[26.04304421881064,28.842018909028983,28.285883953839814,29.384019534879396,30.1272915451742,26.320660393584053]","[0.8790965749865635,0.9049523566038153,0.8879419739608865,0.8893028045723208,0.8852203127380179,0.8661686841779376]","[0.01701038264292886,0.01701038264292886,0.020412459171514633,0.01837121325436317,0.027216612228686175,0.025175366311534712]"
200,17035,570.2032643842307,1.698872855487147,24.13931078735981,113.61549976194722,3,"[0.0,0.019291366232143604,0.008768802832792548]","[3.0,3.0,3.0]","[365.0,365.0,365.0]","[1.698872855487147,1.698872855487147,1.698872855487147]","[0.16836101438961693,0.840051311381526,0.8172524240162654]","[16.435201918524857,24.13931078735981,24.150124226586303]","[0.5236026302885498,0.5236026302885498,0.5236026302885498]","[7.0,7.0,7.0]","[1.0,1.0,1.0]","[-986716864,1742550598,1308106656]","[394.10470395122616,104.81201470331784,113.61549976194722]","[0.16836101438961693,0.840051311381526,0.8172524240162654]","[0.8312825085487335,0.10347187342695206,0.1473158875909148]"
200,17035,678.1960523259477,1.6421485779311462,25.062582575643617,98.603414484973,2,"[0.02064299836601152,0.013270498949578833]","[3.0,3.0]","[365.0,365.0]","[1.6421485779311462,1.6421485779311462]","[0.8404649334733261,0.8212964349906011]","[24.595799186222084,25.529365965065153]","[0.6227695613645066,0.6227695613645066]","[7.0,7.0]","[1.0,1.0]","[149467050,230911124]","[96.90570718374781,100.30112178619821]","[0.8404649334733261,0.8212964349906011]","[0.09289349264705184,0.11058749124649028]"
200,17035,546.9791867817715,3.3706179236637586,30.617607607830934,33.529971776267175,1,"[0.01828223128349069]","[3.0]","[365.0]","[3.3706179236637586]","[0.9195962335595816]","[30.617607607830934]","[0.5022765718840877]","[7.0]","[1.0]","[751528512]","[33.529971776267175]","[0.9195962335595816]","[0.01828223128349069]"
200,17035,776.1201077033913,1.9083026734870518,31.14732337023471,56.78244572838031,4,"[0.015461524422436458,0.030923048844872916,0.02576920737072743,0.020615365896581944]","[3.0,3.0,3.0,3.0]","[365.0,365.0,365.0,365.0]","[1.9083026734870518,1.9083026734870518,1.9083026734870518,1.9083026734870518]","[0.8851722731844872,0.8503838432340053,0.8503838432340053,0.8774415109732691]","[31.121951498731086,31.17269524173833,36.27285712011939,30.74284827264934]","[0.7126906406826367,0.7126906406826367,0.7126906406826367,0.7126906406826367]","[7.0,7.0,7.0,7.0]","[1.0,1.0,1.0,1.0]","[-1005561360,1544188221,435745843,17820286]","[57.87639560755273,57.894731177282445,55.207064637167036,55.68849584920788]","[0.8851722731844872,0.8503838432340053,0.8503838432340053,0.8774415109732691]","[0.0721537806380368,0.0682883995324277,0.07859608248071867,0.05153841474145486]"
200,17035,504.551028933258,2.2392673822415095,26.599943475840558,84.82401106963786,2,"[0.029729401269309865,0.011891760507723947]","[3.0,3.0]","[365.0,365.0]","[2.2392673822415095,2.2392673822415095]","[0.8780083174869514,0.8423330359637795]","[25.13943137192896,28.060455579752155]","[0.46331591270271627,0.46331591270271627]","[7.0,7.0]","[1.0,1.0]","[273650271,-1037966300]","[90.71161941490267,78.93640272437305]","[0.8780083174869514,0.8423330359637795]","[0.05351292228475776,0.11693564499261881]"
200,17035,591.3038932273172,1.9055683283585478,26.074009054997315,85.68375793758938,3,"[0.027058844332433746,0.015220599936993982,0.025367666561656635]","[3.0,3.0,3.0]","[365.0,365.0,365.0]","[1.9055683283585478,1.9055683283585478,1.9055683283585478]","[0.8506624187008859,0.8709565519502112,0.8692653741794341]","[26.074009054997315,25.315741601833032,27.634291474755134]","[0.5429787816596118,0.5429787816596118,0.5429787816596118]","[7.0,7.0,7.0]","[1.0,1.0,1.0]","[2014773178,-281099781,423012174]","[92.95531835122227,85.68375793758938,80.93558092569349]","[0.8506624187008859,0.8709565519502112,0.8692653741794341]","[0.093014777392741,0.06764711083108436,0.07102946637263859]"
200,17035,1173.219643102294,2.763760237928233,36.91488346347067,18.47265415530649,5,"[0.02216123822411405,0.04006069986666771,0.03665127860141939,0.034094212652483157,0.04261776581560394]","[3.0,3.0,3.0,3.0,3.0]","[365.0,365.0,365.0,365.0,365.0]","[2.763760237928233,2.763760237928233,2.763760237928233,2.763760237928233,2.763760237928233]","[0.9128725437702364,0.8915636608624344,0.8907113055461223,0.8941207268113707,0.8855971736482499]","[36.16369433311019,36.91488346347067,40.49518947460043,35.90229192974457,37.78410412764407]","[1.077336678698158,1.077336678698158,1.077336678698158,1.077336678698158,1.077336678698158]","[7.0,7.0,7.0,7.0,7.0]","[1.0,1.0,1.0,1.0,1.0]","[-1693053885,1987914926,1188973188,-132396687,1271191179]","[18.47265415530649,18.236564022031263,18.099538203152456,18.50244585930642,18.800440995239775]","[0.9128725437702364,0.8915636608624344,0.8907113055461223,0.8941207268113707,0.8855971736482499]","[0.023865948856738206,0.005114131897872473,0.0059664872141845515,0.017899461642553655,0.008523553163120789]"
200,17035,964.1735614115777,1.7757192454762458,31.62480620042526,49.82336527658444,2,"[0.02385462630434228,0.0300775722967794]","[3.0,3.0]","[365.0,365.0]","[1.7757192454762458,1.7757192454762458]","[0.890918434583914,0.8753610696028211]","[32.4829588449473,30.766653555903222]","[0.8853751711768391,0.8853751711768391]","[7.0,7.0]","[1.0,1.0]","[-1927116454,1956947274]","[49.33444642725486,50.312284125914026]","[0.890918434583914,0.8753610696028211]","[0.044597779612466006,0.04770925260868456]"
200,17035,576.5655093076764,3.496718109424666,34.802285825327786,27.201540763702905,3,"[0.03815698241543616,0.029484940957382483,0.03642257412382542]","[3.0,3.0,3.0]","[365.0,365.0,365.0]","[3.496718109424666,3.496718109424666,3.496718109424666]","[0.8845482287214745,0.8706729623885887,0.8793450038466424]","[34.802285825327786,34.266796898124035,42.04890468173185]","[0.5294449121282612,0.5294449121282612,0.5294449121282612]","[7.0,7.0,7.0]","[1.0,1.0,1.0]","[-1863609365,-103213220,-1248751070]","[27.201540763702905,29.566450011068675,23.861551432003647]","[0.8845482287214745,0.8706729623885887,0.8793450038466424]","[0.017344082916107343,0.01214085804127514,0.006937633166442938]"
200,17035,705.3242927800543,1.995164250806626,29.765022199925347,64.72352310195599,2,"[0.021266813228390455,0.012760087937034273]","[3.0,3.0]","[365.0,365.0]","[1.995164250806626,1.995164250806626]","[0.893206155592399,0.8832816427524836]","[29.69463071911285,29.835413680737844]","[0.6476807096235576,0.6476807096235576]","[7.0,7.0]","[1.0,1.0]","[-1846848832,2494118]","[65.71188879097632,63.73515741293567]","[0.893206155592399,0.8832816427524836]","[0.05104035174813709,0.06947158987940881]"
200,17035,1018.6425068457302,1.2679649272584705,27.641730247612998,81.86439015874777,2,"[0.021597370865784834,0.021597370865784834]","[3.0,3.0]","[365.0,365.0]","[1.2679649272584705,1.2679649272584705]","[0.8265902849541286,0.8226634902512586]","[26.75164274864204,28.531817746583958]","[0.9353925682697247,0.9353925682697247]","[7.0,7.0]","[1.0,1.0]","[1378938602,-1558263891]","[85.36316825422956,78.36561206326598]","[0.8265902849541286,0.8226634902512586]","[0.11780384108609909,0.11780384108609909]"
200,17035,800.7016975454362,2.4131415847679643,35.22840080703845,34.285590645467614,5,"[0.021231377493158527,0.023729186610000706,0.024978091168421795,0.042462754986317054,0.023729186610000706]","[3.0,3.0,3.0,3.0,3.0]","[365.0,365.0,365.0,365.0,365.0]","[2.4131415847679643,2.4131415847679643,2.4131415847679643,2.4131415847679643,2.4131415847679643]","[0.8917178547126581,0.9017090911800268,0.8967134729463424,0.8742331908947628,0.8942156638295002]","[34.86975545221298,34.533646033159215,37.56847892052586,35.22840080703845,39.921409989189414]","[0.7352632668002169,0.7352632668002169,0.7352632668002169,0.7352632668002169,0.7352632668002169]","[7.0,7.0,7.0,7.0,7.0]","[1.0,1.0,1.0,1.0,1.0]","[11104752,1230936424,150718250,-1284048993,1610505219]","[33.84126461397865,37.015479462433134,33.28874826010462,37.13434338933003,34.285590645467614]","[0.8917178547126581,0.9017090911800268,0.8967134729463424,0.8742331908947628,0.8942156638295002]","[0.04745837322000141,0.041213850427895965,0.028724804843685066,0.017484663817895256,0.03496932763579051]"
200,17035,500.0,2.2154656212599004,29.5314391087596,75.5198915090893,3,"[0.018,0.03,0.022]","[3.0,3.0,3.0]","[365.0,365.0,365.0]","[2.2154656212599004,2.2154656212599004,2.2154656212599004]","[0.862,0.878,0.872]","[29.11266304544231,32.12416292094303,29.5314391087596]","[0.4591368227731864,0.4591368227731864,0.4591368227731864]","[7.0,7.0,7.0]","[1.0,1.0,1.0]","[1667816364,-1041692141,86130629]","[72.89434441070794,75.5198915090893,78.17874626789856]","[0.862,0.878,0.872]","[0.072,0.042,0.052]"
200,17035,570.2032524003793,1.698872325976056,19.904452072194047,107.25435291468031,1,"[0.024552648447837385]","[3.0]","[365.0]","[1.698872325976056]","[0.8242674836059694]","[19.904452072194047]","[0.5236026192840948]","[7.0]","[1.0]","[2013551951]","[107.25435291468031]","[0.8242674836059694]","[0.09470307258451563]"
200,17035,1110.8735124625935,1.3834871713230026,31.082428429528765,63.570371720524975,4,"[0.03510750734666855,0.023405004897779035,0.02610558238598431,0.027905967378121156]","[3.0,3.0,3.0,3.0]","[365.0,365.0,365.0,365.0]","[1.3834871713230026,1.3834871713230026,1.3834871713230026,1.3834871713230026]","[0.8443805613121821,0.8740869136824402,0.8794880686588507,0.8470811388003874]","[31.042357051278092,35.22791647927797,30.118874255723195,31.122499807779437]","[1.0200858700299298,1.0200858700299298,1.0200858700299298,1.0200858700299298]","[7.0,7.0,7.0,7.0]","[1.0,1.0,1.0,1.0]","[-1558897668,-780017245,-1601600985,1998305308]","[64.6333867449934,61.25874608946911,64.36884246453766,62.77190097651228]","[0.8443805613121821,0.8740869136824402,0.8794880686588507,0.8470811388003874]","[0.0702150146933371,0.05941270474051601,0.05851251224444759,0.05851251224444759]"
200,17035,500.0,4.717462836204842,34.798155611747966,17.689054145810864,2,"[0.03,0.024]","[3.0,3.0]","[365.0,365.0]","[4.717462836204842,4.717462836204842]","[0.908,0.916]","[33.83525062728583,35.7610605962101]","[0.4591368227731864,0.4591368227731864]","[7.0,7.0]","[1.0,1.0]","[1032899467,1540527268]","[18.329463545513164,17.04864474610856]","[0.908,0.916]","[0.004,0.01]"
200,17035,611.9306568971311,3.73255295547147,34.02912649287186,21.62573354507299,2,"[0.021244237159024,0.037585958050580924]","[3.0,3.0]","[365.0,365.0]","[3.73255295547147,3.73255295547147]","[0.913502197838032,0.9053313373922536]","[34.59505624799832,33.4631967377454]","[0.5619197951305153,0.5619197951305153]","[7.0,7.0]","[1.0,1.0]","[-598231958,1943835040]","[21.05878133527481,22.192685754871174]","[0.913502197838032,0.9053313373922536]","[0.01961006506986831,0.009805032534934154]"
200,17035,514.9205495765244,2.058796043394983,26.0659966160922,86.17713581242602,3,"[0.02330456613135544,0.0,0.021362518953742485]","[3.0,3.0,3.0]","[365.0,365.0,365.0]","[2.058796043394983,2.058796043394983,2.058796043394983]","[0.8661530412153772,0.1417694439657456,0.8642109940377641]","[26.0659966160922,17.46670056939245,32.19226144099004]","[0.47283797022637686,0.47283797022637686,0.47283797022637686]","[7.0,7.0,7.0]","[1.0,1.0,1.0]","[-214374106,-121938497,2105001056]","[86.17713581242602,403.5442069032947,81.46575662024999]","[0.8661530412153772,0.1417694439657456,0.8642109940377641]","[0.08156598145974403,0.8564428053273123,0.07573983992690518]"
200,17035,608.8765359062335,3.8928844249246444,35.24511411673495,20.48202857211572,3,"[0.04434396533250212,0.047628703505280055,0.036132119900557286]","[3.0,3.0,3.0]","[365.0,365.0,365.0]","[3.8928844249246444,3.8928844249246444,3.8928844249246444]","[0.8983758902547652,0.8835945684772645,0.8967335211683762]","[34.05162083455125,37.02650120361374,35.24511411673495]","[0.5591152763142639,0.5591152763142639,0.5591152763142639]","[7.0,7.0,7.0]","[1.0,1.0,1.0]","[-293546293,-2142384471,715409738]","[20.06862125307325,20.48202857211572,20.737079066597918]","[0.8983758902547652,0.8835945684772645,0.8967335211683762]","[0.00656947634555587,0.008211845431944836,0.011496583604722771]"
200,17035,928.1880289711983,1.3145744399853845,27.242964963785248,85.0610069540698,5,"[0.0,0.034475773228263604,0.029088933661347415,0.0,0.023702094094431227]","[3.0,3.0,3.0,3.0,3.0]","[365.0,365.0,365.0,365.0,365.0]","[1.3145744399853845,1.3145744399853845,1.3145744399853845,1.3145744399853845,1.3145744399853845]","[0.15190887578703652,0.8134127746043445,0.8349601328720092,0.17237886614131803,0.847888547832608]","[17.355705867794594,27.242964963785248,30.858173007572965,16.597243935886016,28.975981731826337]","[0.8523306051158845,0.8523306051158845,0.8523306051158845,0.8523306051158845,0.8523306051158845]","[7.0,7.0,7.0,7.0,7.0]","[1.0,1.0,1.0,1.0,1.0]","[976745587,-224358732,95715778,-1107631277,-99888893]","[395.76206212674816,84.55183096903012,79.57947888153689,383.5610155494095,85.0610069540698]","[0.15190887578703652,0.8134127746043445,0.8349601328720092,0.17237886614131803,0.847888547832608]","[0.847888547832608,0.09911784803125787,0.09265364055095844,0.8274185574783265,0.09049890472419196]"
200,17035,674.0114499037973,2.3967463036661973,29.36433930140686,51.78081328640323,1,"[0.025222123455657077]","[3.0]","[365.0]","[2.3967463036661973]","[0.8649704690969456]","[29.36433930140686]","[0.6189269512431563]","[7.0]","[1.0]","[-1951468921]","[51.78081328640323]","[0.8649704690969456]","[0.05192790123223516]"
200,17035,547.7597641709859,4.138858510168406,34.71351153367843,20.433576213990165,2,"[0.04016359258021841,0.02738426766833074]","[3.0,3.0]","[365.0,365.0]","[4.138858510168406,4.138858510168406]","[0.8835990367648051,0.9128089222776913]","[36.79751069386344,32.62951237349341]","[0.5029933555289127,0.5029933555289127]","[7.0,7.0]","[1.0,1.0]","[932674804,59812047]","[19.92784868353579,20.939303744444537]","[0.8835990367648051,0.9128089222776913]","[0.010953707067332296,0.02920988551288612]"
200,17035,662.8664487838969,1.7052473025662473,25.42181468055967,87.86882029665608,2,"[0.0316805897153595,0.019611793633317786]","[3.0,3.0]","[365.0,365.0]","[1.7052473025662473,1.7052473025662473]","[0.7980491409250084,0.8463243252531752]","[26.25683862314117,24.586790737978173]","[0.608692790435167,0.608692790435167]","[7.0,7.0]","[1.0,1.0]","[1690327252,1234216528]","[86.3733925559226,89.36424803738957]","[0.7980491409250084,0.8463243252531752]","[0.1146535627793963,0.08749877159480243]"
200,17035,1202.549841224832,2.861087493077081,34.993818565132756,17.201209932222014,2,"[0.02577855730987881,0.03575735368789642]","[3.0,3.0]","[365.0,365.0]","[2.861087493077081,2.861087493077081]","[0.912228302223776,0.9005863731160888]","[33.95866862304772,36.02896850721778]","[1.1042698266527384,1.1042698266527384]","[7.0,7.0]","[1.0,1.0]","[-1679789855,1510027953]","[17.10090100637945,17.301518858064576]","[0.912228302223776,0.9005863731160888]","[0.011641929107687205,0.006652530918678403]"
200,17035,656.2812064322619,3.041823760549267,34.709863495967376,29.638813180736495,3,"[0.013713633594548065,0.033522215453339714,0.024379793056974335]","[3.0,3.0,3.0]","[365.0,365.0,365.0]","[3.041823760549267,3.041823760549267,3.041823760549267]","[0.9020523431080505,0.8959573948438069,0.908147291372294]","[32.84009155461597,36.60619831697722,34.709863495967376]","[0.6026457359341248,0.6026457359341248,0.6026457359341248]","[7.0,7.0,7.0]","[1.0,1.0,1.0]","[398391564,-332788259,-300732501]","[32.763750290459384,29.282939741792667,29.638813180736495]","[0.9020523431080505,0.8959573948438069,0.908147291372294]","[0.02285605599091344,0.02742726718909613,0.02285605599091344]"
200,17035,1500.0,3.0578848439456254,38.40434012448465,13.922600535912123,6,"[0.03333333333333333,0.03333333333333333,0.034,0.034,0.032,0.038]","[3.0,3.0,3.0,3.0,3.0,3.0]","[365.0,365.0,365.0,365.0,365.0,365.0]","[3.0578848439456254,3.0578848439456254,3.0578848439456254,3.0578848439456254,3.0578848439456254,3.0578848439456254]","[0.9126666666666666,0.9013333333333333,0.9,0.9026666666666666,0.908,0.904]","[35.83977805224837,42.940785771635475,37.22703343590842,39.795908563501015,38.56343835213502,38.245241896834266]","[1.3774104683195592,1.3774104683195592,1.3774104683195592,1.3774104683195592,1.3774104683195592,1.3774104683195592]","[7.0,7.0,7.0,7.0,7.0,7.0]","[1.0,1.0,1.0,1.0,1.0,1.0]","[-748754849,-167772629,864186436,-1421171861,-181801394,89571866]","[13.819334093268925,13.865875681342331,13.797561096885572,14.47881422616105,13.979325390481915,14.190902048209185]","[0.9126666666666666,0.9013333333333333,0.9,0.9026666666666666,0.908,0.904]","[0.004666666666666667,0.004,0.005333333333333333,0.009333333333333334,0.006666666666666667,0.011333333333333334]"
200,17035,656.2811269309409,3.0418235938312184,33.80531533000449,30.767980124785076,3,"[0.031998482263546464,0.030474745012901396,0.027427270511611257]","[3.0,3.0,3.0]","[365.0,365.0,365.0]","[3.0418235938312184,3.0418235938312184,3.0418235938312184]","[0.894433766128656,0.8837676053741406,0.9142423503870419]","[32.60444003300276,33.80531533000449,34.52924691005045]","[0.602645662930157,0.602645662930157,0.602645662930157]","[7.0,7.0,7.0]","[1.0,1.0,1.0]","[857903214,1410002303,-95486109]","[33.328186976555365,28.164665443035283,30.767980124785076]","[0.894433766128656,0.8837676053741406,0.9142423503870419]","[0.033522219514191536,0.02895100776225633,0.00914242350387042]"
200,17035,674.0114399605743,2.3967463354119625,33.58699641776474,47.38893102381771,5,"[0.03412404988459152,0.02077116079931658,0.031156741198974866,0.017803852113699923,0.035607704227399846]","[3.0,3.0,3.0,3.0,3.0]","[365.0,365.0,365.0,365.0,365.0]","[2.3967463354119625,2.3967463354119625,2.3967463354119625,2.3967463354119625,2.3967463354119625]","[0.8471666297435547,0.8842579883137629,0.8842579883137629,0.9065128034558878,0.8812906796281462]","[32.213528699954985,33.58699641776474,29.891418912856178,37.51558183149688,36.56798740043357]","[0.6189269421125567,0.6189269421125567,0.6189269421125567,0.6189269421125567,0.6189269421125567]","[7.0,7.0,7.0,7.0,7.0]","[1.0,1.0,1.0,1.0,1.0]","[-337001688,-1275864399,1066168170,893785133,771889293]","[48.88099650902422,47.38893102381771,53.878731012428105,40.579781802870244,44.670876267792934]","[0.8471666297435547,0.8842579883137629,0.8842579883137629,0.9065128034558878,0.8812906796281462]","[0.028189432513358214,0.040058667255824826,0.04302597594144148,0.03264039554178319,0.02967308685616654]"
200,17035,592.0161987229468,1.924316701911705,24.556343752339604,87.62040017682759,1,"[0.027026287514622077]","[3.0]","[365.0]","[1.924316701911705]","[0.8395040559229483]","[24.556343752339604]","[0.5436328730238262]","[7.0]","[1.0]","[-1604970800]","[87.62040017682759]","[0.8395040559229483]","[0.08614629145285788]"
200,17035,500.0,5.0,37.95115756265839,15.64706204214198,19,"[0.022,0.022,0.028,0.04,0.024,0.034,0.028,0.026,0.022,0.036,0.02,0.034,0.032,0.026,0.024,0.034,0.026,0.032,0.032]","[3.0,3.0,3.0,3.0,3.0,3.0,3.0,3.0,3.0,3.0,3.0,3.0,3.0,3.0,3.0,3.0,3.0,3.0,3.0]","[365.0,365.0,365.0,365.0,365.0,365.0,365.0,365.0,365.0,365.0,365.0,365.0,365.0,365.0,365.0,365.0,365.0,365.0,365.0]","[5.0,5.0,5.0,5.0,5.0,5.0,5.0,5.0,5.0,5.0,5.0,5.0,5.0,5.0,5.0,5.0,5.0,5.0,5.0]","[0.92,0.918,0.914,0.91,0.92,0.9,0.91,0.912,0.914,0.89,0.918,0.908,0.902,0.9,0.922,0.9,0.902,0.87,0.91]","[34.59366231888354,36.33488199430514,41.098159589487125,36.58920237819563,31.641331019629106,40.08699708192031,39.55291466047175,37.95115756265839,36.050390660695314,40.18661637404877,36.837132434774084,37.22755229292053,33.74045128157831,34.35659006826427,38.328968430967684,38.10161612921138,40.089060596210075,43.44148898654922,40.83287435536166]","[0.4591368227731864,0.4591368227731864,0.4591368227731864,0.4591368227731864,0.4591368227731864,0.4591368227731864,0.4591368227731864,0.4591368227731864,0.4591368227731864,0.4591368227731864,0.4591368227731864,0.4591368227731864,0.4591368227731864,0.4591368227731864,0.4591368227731864,0.4591368227731864,0.4591368227731864,0.4591368227731864,0.4591368227731864]","[7.0,7.0,7.0,7.0,7.0,7.0,7.0,7.0,7.0,7.0,7.0,7.0,7.0,7.0,7.0,7.0,7.0,7.0,7.0]","[1.0,1.0,1.0,1.0,1.0,1.0,1.0,1.0,1.0,1.0,1.0,1.0,1.0,1.0,1.0,1.0,1.0,1.0,1.0]","[2097653377,1225304134,-1303171800,-1903620094,1096640552,2120685618,1946188020,286901529,-637300752,32657124,-919424944,1214475449,-1569069431,346697520,530412325,-1477772710,1150985051,-1715368556,1507900862]","[16.807105868043486,15.916293592954126,16.210468031728464,16.25855152645689,17.32401104166348,15.515183335462899,15.410948110828699,15.530155178434923,15.06371395841037,16.279279657703917,14.822068279668487,14.620832953739937,17.40612238806649,16.964008274915717,15.176628178947658,16.964870366669263,15.316449437978132,15.263556861607924,15.64706204214198]","[0.92,0.918,0.914,0.91,0.92,0.9,0.91,0.912,0.914,0.89,0.918,0.908,0.902,0.9,0.922,0.9,0.902,0.87,0.91]","[0.012,0.008,0.008,0.008,0.008,0.002,0.012,0.012,0.008,0.016,0.006,0.008,0.006,0.012,0.004,0.012,0.006,0.01,0.004]"
200,17035,630.3459819105192,4.953787951768804,36.351371517412126,14.556143540706637,3,"[0.023796455328447427,0.03172860710459657,0.03490146781505623]","[3.0,3.0,3.0]","[365.0,365.0,365.0]","[4.953787951768804,4.953787951768804,4.953787951768804]","[0.9296481881646795,0.9074381631914619,0.9137838846123812]","[36.194108646260176,36.351371517412126,40.66446801607462]","[0.5788301027644804,0.5788301027644804,0.5788301027644804]","[7.0,7.0,7.0]","[1.0,1.0,1.0]","[1984438889,-306951995,-1648823568]","[13.581111243674242,14.556143540706637,14.770831580685538]","[0.9296481881646795,0.9074381631914619,0.9137838846123812]","[0.0015864303552298284,0.004759291065689486,0.006345721420919314]"
200,17035,592.0117310713553,1.905568303621966,27.98452885641138,81.18907454687246,2,"[0.03716142577138955,0.018580712885694774]","[3.0,3.0]","[365.0,365.0]","[1.905568303621966,1.905568303621966]","[0.8226188341212141,0.8411995470069089]","[29.698248239275056,26.2708094735477]","[0.5436287704971122,0.5436287704971122]","[7.0,7.0]","[1.0,1.0]","[182601357,848341854]","[79.52004381085526,82.85810528288967]","[0.8226188341212141,0.8411995470069089]","[0.06925538439213506,0.10303849872976192]"
200,17035,692.9566551548864,1.9888337670255145,29.39356655554672,65.56557494264128,2,"[0.030304925775344747,0.03174801747893259]","[3.0,3.0]","[365.0,365.0]","[1.9888337670255145,1.9888337670255145]","[0.8701842972634706,0.8427655548953016]","[29.619503028568076,29.167630082525363]","[0.6363238339346983,0.6363238339346983]","[7.0,7.0]","[1.0,1.0]","[-2011293093,591391390]","[61.53160546968915,69.59954441559341]","[0.8701842972634706,0.8427655548953016]","[0.051951301329162425,0.07937004369733149]"
200,17035,546.9647300215445,3.370627124596026,34.548556540266645,30.243415798679642,3,"[0.0,0.020110985948886904,0.014626171599190475]","[3.0,3.0,3.0]","[365.0,365.0,365.0]","[3.370627124596026,3.370627124596026,3.370627124596026]","[0.18282714498988095,0.8958530104504167,0.9068226391498095]","[18.8445447078047,41.75496692016621,34.548556540266645]","[0.5022632966221713,0.5022632966221713,0.5022632966221713]","[7.0,7.0,7.0]","[1.0,1.0,1.0]","[1586028667,-629128267,-1097777405]","[379.4632501360988,25.101973086927988,30.243415798679642]","[0.18282714498988095,0.8958530104504167,0.9068226391498095]","[0.815409066654869,0.021939257398785713,0.03108061464827976]"
200,17035,547.7596693100036,4.144486270666164,33.1068304991077,21.896532062917316,2,"[0.032861126892883626,0.021907417928589083]","[3.0,3.0]","[365.0,365.0]","[4.144486270666164,4.144486270666164]","[0.9219371711614572,0.9128090803578784]","[33.000218540510396,33.213442457705014]","[0.5029932684205726,0.5029932684205726]","[7.0,7.0]","[1.0,1.0]","[1928036756,436835138]","[21.12951353187048,22.66355059396415]","[0.9219371711614572,0.9128090803578784]","[0.010953708964294541,0.032861126892883626]"
200,17035,608.8765710330783,1.8326602309438735,29.331443614696084,80.79374112755056,3,"[0.029562641849495825,0.031205010841134483,0.024635534874579857]","[3.0,3.0,3.0]","[365.0,365.0,365.0]","[1.8326602309438735,1.8326602309438735,1.8326602309438735]","[0.8343234477524378,0.837608185735715,0.8310387097691605]","[26.989063741903728,29.331443614696084,32.319724608580685]","[0.5591153085703199,0.5591153085703199,0.5591153085703199]","[7.0,7.0,7.0]","[1.0,1.0,1.0]","[549261492,-316533917,691102787]","[86.35870814107767,80.79374112755056,78.18075854236346]","[0.8343234477524378,0.837608185735715,0.8310387097691605]","[0.07062186664046226,0.08868792554848748,0.10675398445651271]"
200,17035,642.2391738846868,4.187324523226038,35.479519425967794,16.411454406066557,3,"[0.02646988955403136,0.03425515118756999,0.024912837227323632]","[3.0,3.0,3.0]","[365.0,365.0,365.0]","[4.187324523226038,4.187324523226038,4.187324523226038]","[0.9202179250842666,0.906204454143897,0.9015332971637738]","[34.75352903741912,35.479519425967794,39.926939182688876]","[0.5897513075157822,0.5897513075157822,0.5897513075157822]","[7.0,7.0,7.0]","[1.0,1.0,1.0]","[-227723760,1905863982,674598688]","[17.838354402206416,16.411454406066557,16.052322573989947]","[0.9202179250842666,0.906204454143897,0.9015332971637738]","[0.004671156980123181,0.009342313960246361,0.014013470940369543]"
200,17035,787.5676902292108,4.877584696680073,37.48317802307042,12.833858199383723,5,"[0.02920383896564645,0.0279341068367053,0.02412491044988185,0.0355524996103522,0.02412491044988185]","[3.0,3.0,3.0,3.0,3.0]","[365.0,365.0,365.0,365.0,365.0]","[4.877584696680073,4.877584696680073,4.877584696680073,4.877584696680073,4.877584696680073]","[0.9091282043218634,0.9103979364508046,0.921825525611275,0.9256347219980984,0.914207132837628]","[37.415581861690384,42.9083757079487,38.422023500588956,33.841614452415946,37.48317802307042]","[0.7232026540213139,0.7232026540213139,0.7232026540213139,0.7232026540213139,0.7232026540213139]","[7.0,7.0,7.0,7.0,7.0]","[1.0,1.0,1.0,1.0,1.0]","[178681797,-1189265113,-1359764175,-1059624608,-2065463585]","[12.5764165457538,12.833858199383723,13.003681841874574,12.156389074252013,13.148241798670183]","[0.9091282043218634,0.9103979364508046,0.921825525611275,0.9256347219980984,0.914207132837628]","[0.0152367855472938,0.00380919638682345,0.00634866064470575,0.0,0.0152367855472938]"
200,17035,967.5545187246815,1.6283766903458583,30.186416651758,60.12982689135954,2,"[0.026871870780232822,0.02170420332249574]","[3.0,3.0]","[365.0,365.0]","[1.6283766903458583,1.6283766903458583]","[0.8702351998829244,0.8950400036800624]","[28.783361416639885,31.589471886876115]","[0.8884798151741795,0.8884798151741795]","[7.0,7.0]","[1.0,1.0]","[1875391353,885213095]","[63.745748512551025,56.51390527016807]","[0.8702351998829244,0.8950400036800624]","[0.05271020806891823,0.04340840664499148]"
200,17035,557.5176030970283,1.9819370707162223,25.704796655466826,81.29310789808771,1,"[0.017936653380000337]","[3.0]","[365.0]","[1.9819370707162223]","[0.8358480475080158]","[25.704796655466826]","[0.5119537218521839]","[7.0]","[1.0]","[-1257098569]","[81.29310789808771]","[0.8358480475080158]","[0.1165882469700022]"
200,17035,998.6964422104704,3.7374432465907605,37.211845750553486,14.368299001979189,4,"[0.030039157778112568,0.021027410444678797,0.02903785251884215,0.0370482945930055]","[3.0,3.0,3.0,3.0]","[365.0,365.0,365.0,365.0]","[3.7374432465907605,3.7374432465907605,3.7374432465907605,3.7374432465907605]","[0.9191982280102445,0.9212008385287854,0.9101864806768107,0.8901603754914024]","[36.39798614066984,37.81767446354022,36.60601703756675,41.588827461029666]","[0.9170766227828011,0.9170766227828011,0.9170766227828011,0.9170766227828011]","[7.0,7.0,7.0,7.0]","[1.0,1.0,1.0,1.0]","[-1659998662,881563174,1663606096,1601211329]","[14.629720504733374,14.106877499225003,14.878572942303764,14.054648557771774]","[0.9191982280102445,0.9212008385287854,0.9101864806768107,0.8901603754914024]","[0.00801044207416335,0.011014357851974608,0.005006526296352095,0.005006526296352095]"
200,17035,573.2335555149555,4.718206071875164,35.43984106055957,15.979150285947135,2,"[0.017444896419255593,0.022678365345032273]","[3.0,3.0]","[365.0,365.0]","[4.718206071875164,4.718206071875164]","[0.9210905309366955,0.9106235930851421]","[34.01215709368336,36.867525027435775]","[0.5263852667722272,0.5263852667722272]","[7.0,7.0]","[1.0,1.0]","[1578275404,-1280598878]","[15.807820728614407,16.150479843279864]","[0.9210905309366955,0.9106235930851421]","[0.006977958567702238,0.017444896419255593]"
200,17035,945.9466615108483,4.658692938013713,39.37216202479576,12.274663412327543,6,"[0.03594282995374796,0.03065711966643208,0.023257125264189854,0.038057114068674305,0.029599977608968906,0.03171426172389526]","[3.0,3.0,3.0,3.0,3.0,3.0]","[365.0,365.0,365.0,365.0,365.0,365.0]","[4.658692938013713,4.658692938013713,4.658692938013713,4.658692938013713,4.658692938013713,4.658692938013713]","[0.9038564591310149,0.904913601188478,0.9144278797056465,0.8985707488436989,0.9091421694183307,0.9038564591310149]","[44.250902134549236,38.981803055131664,38.64174928755125,39.76252099445986,40.868234480630136,38.04908794369242]","[0.8686378893579875,0.8686378893579875,0.8686378893579875,0.8686378893579875,0.8686378893579875,0.8686378893579875]","[7.0,7.0,7.0,7.0,7.0,7.0]","[1.0,1.0,1.0,1.0,1.0,1.0]","[418002471,-426897045,-161924598,1671122701,-773314303,786702804]","[12.13613745836636,12.566138217293675,12.262003281736721,12.291136600942737,12.287323542918365,12.083046691109248]","[0.9038564591310149,0.904913601188478,0.9144278797056465,0.8985707488436989,0.9091421694183307,0.9038564591310149]","[0.0031714261723895256,0.0021142841149263502,0.005285710287315876,0.0031714261723895256,0.0042285682298527005,0.0073999944022422265]"
200,17035,626.1594999672939,2.3238211133204314,33.04041462081028,52.07312139659045,4,"[0.03513481788769335,0.027149632004126678,0.027149632004126678,0.033537780710980014]","[3.0,3.0,3.0,3.0]","[365.0,365.0,365.0,365.0]","[2.3238211133204314,2.3238211133204314,2.3238211133204314,2.3238211133204314]","[0.8592060010717737,0.8544148895416337,0.8480267408347804,0.856011926718347]","[32.2258891178903,33.854940123730266,31.429112539265294,34.72656407181613]","[0.5749857667284608,0.5749857667284608,0.5749857667284608,0.5749857667284608]","[7.0,7.0,7.0,7.0]","[1.0,1.0,1.0,1.0]","[926689371,-2075894489,10909868,1352738310]","[52.14643365113669,48.58983185859614,53.01263900593739,51.999809142044214]","[0.8592060010717737,0.8544148895416337,0.8480267408347804,0.856011926718347]","[0.041522966594546684,0.06707556142196003,0.08144889601238003,0.033537780710980014]"
200,17035,576.5655029268366,3.496718157998329,30.774506570065913,30.765679721754005,1,"[0.024281716351275583]","[3.0]","[365.0]","[3.496718157998329]","[0.900157913308002]","[30.774506570065913]","[0.5294449062689042]","[7.0]","[1.0]","[-57453788]","[30.765679721754005]","[0.900157913308002]","[0.029484941283691782]"
200,17035,1432.3208257661333,4.353058411397187,39.29331613884057,11.668407794065093,4,"[0.037701050650517466,0.037701050650517466,0.027228536580929285,0.03211570981340377]","[3.0,3.0,3.0,3.0]","[365.0,365.0,365.0,365.0]","[4.353058411397187,4.353058411397187,4.353058411397187,4.353058411397187]","[0.9090142212402545,0.8922581987289134,0.9076178860309762,0.9055233832170585]","[38.99981680820418,38.48038195432655,39.59521892348011,39.586815469476946]","[1.3152624662682584,1.3152624662682584,1.3152624662682584,1.3152624662682584]","[7.0,7.0,7.0,7.0]","[1.0,1.0,1.0,1.0]","[2118787854,-206530410,-1765402533,483144487]","[11.605676474777173,11.486434843710525,11.855397214426683,11.731139113353013]","[0.9090142212402545,0.8922581987289134,0.9076178860309762,0.9055233832170585]","[0.0013963352092784247,0.005585340837113699,0.0027926704185568495,0.0013963352092784247]"
200,17035,664.4839150907405,3.0307709644929473,32.9027042713324,29.978584222051353,2,"[0.02407883717970069,0.022573909855969396]","[3.0,3.0]","[365.0,365.0]","[3.0307709644929473,3.0307709644929473]","[0.913490885504895,0.8954317576201194]","[29.78285200043576,36.02255654222904]","[0.6101780671173007,0.6101780671173007]","[7.0,7.0]","[1.0,1.0]","[1266677080,-1273445272]","[31.85051314044196,28.106655303660744]","[0.913490885504895,0.8954317576201194]","[0.016554200561044223,0.022573909855969396]"
200,17035,662.9875346101937,2.530207246791856,29.01574907506927,52.21170346742925,1,"[0.024133183754966474]","[3.0]","[365.0]","[2.530207246791856]","[0.8959444469031304]","[29.01574907506927]","[0.6088039803583046]","[7.0]","[1.0]","[268809331]","[52.21170346742925]","[0.8959444469031304]","[0.01960821180091026]"
200,17035,701.9838760384243,4.472841473870343,32.13687322227874,15.839121509882645,1,"[0.01851894387284819]","[3.0]","[365.0]","[4.472841473870343]","[0.9359189326508661]","[32.13687322227874]","[0.644613292964577]","[7.0]","[1.0]","[49282514]","[15.839121509882645]","[0.9359189326508661]","[0.012820807296587206]"
200,17035,541.1418332318405,1.0535273053514969,9.738881273887674,396.5531301772567,3,"[0.0,0.01847944362437734,0.0]","[3.0,3.0,3.0]","[365.0,365.0,365.0]","[1.0535273053514969,1.0535273053514969,1.0535273053514969]","[0.15522732644476966,0.6467805268532069,0.15892321516964514]","[9.738881273887674,12.904847893728997,9.319214487045935]","[0.4969162839594494,0.4969162839594494,0.4969162839594494]","[7.0,7.0,7.0]","[1.0,1.0,1.0]","[1972049503,-1835427133,-810904023]","[406.5443229550557,198.12271248305487,396.5531301772567]","[0.15522732644476966,0.6467805268532069,0.15892321516964514]","[0.8445105736340445,0.29751904235247517,0.840814684909169]"
200,17035,1179.8757292220384,4.703880190702723,39.48688068244902,11.938547827686303,6,"[0.038987156749406573,0.03220678166255326,0.03305432854840992,0.031359234776696596,0.03729206297769325,0.029664141004983262]","[3.0,3.0,3.0,3.0,3.0,3.0]","[365.0,365.0,365.0,365.0,365.0,365.0]","[4.703880190702723,4.703880190702723,4.703880190702723,4.703880190702723,4.703880190702723,4.703880190702723]","[0.9026374334373478,0.9068751678666311,0.8907717770353546,0.9204359180403379,0.9085702616383445,0.9068751678666311]","[40.892853518620534,40.11424472476386,42.962722175427814,38.85951664013418,37.91314612299167,38.850383641182205]","[1.0834487871644063,1.0834487871644063,1.0834487871644063,1.0834487871644063,1.0834487871644063,1.0834487871644063]","[7.0,7.0,7.0,7.0,7.0,7.0]","[1.0,1.0,1.0,1.0,1.0,1.0]","[-1132654182,1945104826,589160260,-985640666,-1405684973,49752258]","[12.060582457485053,11.9882038996746,11.98581701095631,11.6898167126109,11.891278644416298,11.608832354976753]","[0.9026374334373478,0.9068751678666311,0.8907717770353546,0.9204359180403379,0.9085702616383445,0.9068751678666311]","[0.0025426406575699938,0.004237734429283323,0.004237734429283323,0.0025426406575699938,8.475468858566646E-4,0.0016950937717133293]"
200,17035,863.9417656746726,4.938739385705608,36.03303024657786,12.20487658472544,2,"[0.02662216472662223,0.023149708457932378]","[3.0,3.0]","[365.0,365.0]","[4.938739385705608,4.938739385705608]","[0.9132559986654323,0.9178859403570188]","[34.80766603876605,37.258394454389666]","[0.7933349547058518,0.7933349547058518]","[7.0,7.0]","[1.0,1.0]","[1825387955,404581555]","[12.07509837260449,12.334654796846392]","[0.9132559986654323,0.9178859403570188]","[0.004629941691586475,0.006944912537379713]"
200,17035,1219.7283596625884,5.0,40.13435354629402,11.243868679296597,3,"[0.031154477715441397,0.025415494978386403,0.03525375109905211]","[3.0,3.0,3.0]","[365.0,365.0,365.0]","[5.0,5.0,5.0]","[0.9247960753425761,0.8969210163340233,0.9051195631012448]","[38.08357421151163,40.13435354629402,40.449177742155314]","[1.1200444074036624,1.1200444074036624,1.1200444074036624]","[7.0,7.0,7.0]","[1.0,1.0,1.0]","[-2058205205,-1388820954,-770881832]","[11.243868679296597,11.488912067944387,11.181858597017754]","[0.9247960753425761,0.8969210163340233,0.9051195631012448]","[0.001639709353444284,0.001639709353444284,0.002459564030166426]"
200,17035,832.2901788890053,4.573945875188434,35.46355049392089,12.67859886807519,2,"[0.02523158452744469,0.02883609660279393]","[3.0,3.0]","[365.0,365.0]","[4.573945875188434,4.573945875188434]","[0.9155460671387073,0.9167475711638238]","[35.2894752250321,35.637625762809684]","[0.7642701367208498,0.7642701367208498]","[7.0,7.0]","[1.0,1.0]","[114008812,224267306]","[12.133978556334494,13.223219179815885]","[0.9155460671387073,0.9167475711638238]","[0.006007520125582069,0.007209024150698483]"
200,17035,512.7844646561222,3.356585784755214,30.31605919871074,35.318012309541544,1,"[0.031202193324498907]","[3.0]","[365.0]","[3.356585784755214]","[0.8970630580793435]","[30.31605919871074]","[0.47087645973932246]","[7.0]","[1.0]","[-476792762]","[35.318012309541544]","[0.8970630580793435]","[0.02535178207615536]"
200,17035,1200.4033587249837,4.585922890624172,37.55317637343417,11.440253356090231,2,"[0.031656026054743755,0.033322132689203955]","[3.0,3.0]","[365.0,365.0]","[4.585922890624172,4.585922890624172]","[0.9130264356841883,0.9113603290497281]","[37.37188583523118,37.73446691163715]","[1.1022987683425012,1.1022987683425012]","[7.0,7.0]","[1.0,1.0]","[-700326121,335629101]","[11.364989674276732,11.51551703790373]","[0.9130264356841883,0.9113603290497281]","[0.0024991599516902964,0.0024991599516902964]"
200,17035,1322.4297550718438,4.842325867808016,39.77731166828447,11.618894492592627,4,"[0.027222617959049344,0.031759720952224235,0.027978801791245157,0.03100353712002842]","[3.0,3.0,3.0,3.0]","[365.0,365.0,365.0,365.0]","[4.842325867808016,4.842325867808016,4.842325867808016,4.842325867808016]","[0.8877598189978869,0.9043958633061948,0.9134700692925446,0.9134700692925446]","[41.60536028127087,40.20776148406036,39.34686185250858,36.64097356182709]","[1.2143523921688189,1.2143523921688189,1.2143523921688189,1.2143523921688189]","[7.0,7.0,7.0,7.0]","[1.0,1.0,1.0,1.0]","[558198114,-2000135279,65566969,1795867260]","[11.673663462167157,11.624327480069008,11.613461505116245,11.552532300229553]","[0.8877598189978869,0.9043958633061948,0.9134700692925446,0.9134700692925446]","[0.004537102993174891,0.0015123676643916302,0.0037809191609790753,7.561838321958151E-4]"
200,17035,664.4843835368569,3.0307717171240127,34.61076168656889,30.009279022233393,3,"[0.02106896767909289,0.024078820204677588,0.01956404141630054]","[3.0,3.0,3.0]","[365.0,365.0,365.0]","[3.0307717171240127,3.0307717171240127,3.0307717171240127]","[0.8969360526242401,0.8954311263614477,0.9014508314126172]","[34.61076168656889,34.114833688186756,35.61885930865667]","[0.6101784972790237,0.6101784972790237,0.6101784972790237]","[7.0,7.0,7.0]","[1.0,1.0,1.0]","[-2086902104,1901904518,1947121013]","[30.009279022233393,30.616870906058693,29.044801329822274]","[0.8969360526242401,0.8954311263614477,0.9014508314126172]","[0.04665271414656282,0.04364286162097813,0.030098525255846983]"
200,17035,874.1657395737541,2.2306277501970877,34.1006423186721,39.70141729466535,4,"[0.03317448704194297,0.029742643554845422,0.03088659138387794,0.026310800067747876]","[3.0,3.0,3.0,3.0]","[365.0,365.0,365.0,365.0]","[2.2306277501970877,2.2306277501970877,2.2306277501970877,2.2306277501970877]","[0.8911353588163302,0.879695880526005,0.8945672023034278,0.8945672023034278]","[32.824353173929794,36.00179915542836,33.83991349629439,34.361371141049815]","[0.8027233604901323,0.8027233604901323,0.8027233604901323,0.8027233604901323]","[7.0,7.0,7.0,7.0]","[1.0,1.0,1.0,1.0]","[-779916646,768683454,-1681544307,-54916797]","[40.510273023309146,35.96485580081521,39.64479299762769,39.75804159170301]","[0.8911353588163302,0.879695880526005,0.8945672023034278,0.8945672023034278]","[0.028598695725812907,0.022878956580650325,0.03203053921291046,0.029742643554845422]"
200,17035,1013.0497248948659,4.504154400357664,36.53555374106104,12.713531780395181,3,"[0.03356202480932366,0.03948473506979255,0.03257490643257885]","[3.0,3.0,3.0]","[365.0,365.0,365.0]","[4.504154400357664,4.504154400357664,4.504154400357664]","[0.9081489066052285,0.9091360249819733,0.916045853619187]","[35.65814011054408,40.182323243824044,36.53555374106104]","[0.9302568639989586,0.9302568639989586,0.9302568639989586]","[7.0,7.0,7.0]","[1.0,1.0,1.0]","[-681647449,-2008877987,1955484090]","[12.713531780395181,12.750096951803396,12.122033981466382]","[0.9081489066052285,0.9091360249819733,0.916045853619187]","[0.003948473506979255,9.871183767448137E-4,0.004935591883724068]"
200,17035,1175.918900893026,4.537267850297271,38.358378036203796,11.961316700203168,5,"[0.027212760995420943,0.03231515368206237,0.03146475490095547,0.03486635002538308,0.03486635002538308]","[3.0,3.0,3.0,3.0,3.0]","[365.0,365.0,365.0,365.0,365.0]","[4.537267850297271,4.537267850297271,4.537267850297271,4.537267850297271,4.537267850297271]","[0.9133282909088154,0.8954699165055704,0.9107770945654946,0.907375499441067,0.9031235055355326]","[35.34962760702886,43.239177328215646,36.78674149258391,38.358378036203796,38.45923711686594]","[1.0798153359899227,1.0798153359899227,1.0798153359899227,1.0798153359899227,1.0798153359899227]","[7.0,7.0,7.0,7.0,7.0]","[1.0,1.0,1.0,1.0,1.0]","[-895954267,-1976116058,305141992,549016924,-477308910]","[11.809701867182891,11.961316700203168,12.036817212618855,12.076855563786474,11.894381016912588]","[0.9133282909088154,0.8954699165055704,0.9107770945654946,0.907375499441067,0.9031235055355326]","[0.004251993905534522,0.003401595124427618,0.005952791467748331,0.001700797562213809,0.006803190248855236]"
200,17035,783.868911707636,3.2580986467237234,35.208550162430164,21.72733586533234,3,"[0.03189308776838491,0.028065917236178725,0.02934164074691412]","[3.0,3.0,3.0]","[365.0,365.0,365.0]","[3.2580986467237234,3.2580986467237234,3.2580986467237234]","[0.8891792869825714,0.9172452042187501,0.9057636926221315]","[43.0140941590399,34.046264456446735,35.208550162430164]","[0.7198061631842387,0.7198061631842387,0.7198061631842387]","[7.0,7.0,7.0]","[1.0,1.0,1.0]","[191410839,609619273,-1936642485]","[19.29050796157867,26.25081798592828,21.72733586533234]","[0.8891792869825714,0.9172452042187501,0.9057636926221315]","[0.006378617553676982,0.008930064575147776,0.016584405639560155]"
200,17035,1322.4297550718438,4.842326318418246,37.47084633836666,11.544675397338617,3,"[0.02949116945563679,0.024197882630266083,0.027978801791245157]","[3.0,3.0,3.0]","[365.0,365.0,365.0]","[4.842326318418246,4.842326318418246,4.842326318418246]","[0.9074205986349781,0.9096891501315656,0.9202757237823069]","[37.47084633836666,40.66769232934806,37.44883330796247]","[1.2143523921688189,1.2143523921688189,1.2143523921688189]","[7.0,7.0,7.0]","[1.0,1.0,1.0]","[2020249330,1700828649,-1944553243]","[11.544675397338617,11.466853661217444,11.589320472099459]","[0.9074205986349781,0.9096891501315656,0.9202757237823069]","[0.0037809191609790753,7.561838321958151E-4,0.0015123676643916302]"
200,17035,1397.3581677871166,4.136994488146749,39.360340206976495,11.838057813752554,5,"[0.02790980930949232,0.03506617067090061,0.03506617067090061,0.032203626126337294,0.033634898398618954]","[3.0,3.0,3.0,3.0,3.0]","[365.0,365.0,365.0,365.0,365.0]","[4.136994488146749,4.136994488146749,4.136994488146749,4.136994488146749,4.136994488146749]","[0.9160142542602608,0.9052797122181484,0.8952608063121767,0.9145829819879792,0.8881044449507685]","[36.05005193652901,38.7367653937629,39.360340206976495,39.67843145165639,39.38478632562946]","[1.2831571788678757,1.2831571788678757,1.2831571788678757,1.2831571788678757,1.2831571788678757]","[7.0,7.0,7.0,7.0,7.0]","[1.0,1.0,1.0,1.0,1.0]","[-855022543,-947923569,39948240,-1605905671,1159850299]","[11.709005827640617,12.03143568277011,11.709993468710584,12.017096303063292,11.838057813752554]","[0.9160142542602608,0.9052797122181484,0.8952608063121767,0.9145829819879792,0.8881044449507685]","[0.007871997497549117,0.002862544544563315,0.003578180680704144,0.0014312722722816574,0.002862544544563315]"
200,17035,1488.074456169712,4.9845729804002055,38.463768069569326,11.03680133521533,2,"[0.0282243941664771,0.030912431706141583]","[3.0,3.0]","[365.0,365.0]","[4.9845729804002055,4.9845729804002055]","[0.9099007071764283,0.9072126696367638]","[40.06080518312938,36.86673095600928]","[1.3664595557113977,1.3664595557113977]","[7.0,7.0]","[1.0,1.0]","[157288477,422939122]","[11.152888213524779,10.920714456905879]","[0.9099007071764283,0.9072126696367638]","[0.004032056309496729,6.720093849161214E-4]"
200,17035,1322.4297525563952,4.842326968338382,40.19372436440335,11.606480215299134,4,"[0.02192933117539133,0.03554064018080664,0.028734985678098984,0.034784456347172456]","[3.0,3.0,3.0,3.0]","[365.0,365.0,365.0,365.0]","[4.842326968338382,4.842326968338382,4.842326968338382,4.842326968338382]","[0.9043958650264838,0.9006149458583129,0.913470071030094,0.8998587620246787]","[41.708370533822794,39.693823390411616,40.693625338395094,39.377208906074955]","[1.2143523898589488,1.2143523898589488,1.2143523898589488,1.2143523898589488]","[7.0,7.0,7.0,7.0]","[1.0,1.0,1.0,1.0]","[1504357755,-443876649,-1468009902,-776113390]","[11.42846848551207,11.597556632640739,11.61540379795753,11.773436446096241]","[0.9043958650264838,0.9006149458583129,0.913470071030094,0.8998587620246787]","[0.004537103001805103,0.0022685515009025514,0.0015123676672683677,0.004537103001805103]"
200,17035,1219.9877146017302,4.795929702753806,36.98754463174423,11.520659638081046,2,"[0.03606593695442579,0.030328174257130774]","[3.0,3.0]","[365.0,365.0]","[4.795929702753806,4.795929702753806]","[0.9245994746498247,0.9139436296405625]","[35.57373734870096,38.4013519147875]","[1.1202825662091187,1.1202825662091187]","[7.0,7.0]","[1.0,1.0]","[1390721604,1691438726]","[11.174470599201475,11.866848676960617]","[0.9245994746498247,0.9139436296405625]","[0.0024590411559835762,0.0]"
200,17035,1100.5099340831816,4.975397630528009,34.058236777161476,11.105114164005215,1,"[0.03362077783588946]","[3.0]","[365.0]","[4.975397630528009]","[0.9150303589389374]","[34.058236777161476]","[1.0105692691305617]","[7.0]","[1.0]","[-321543644]","[11.105114164005215]","[0.9150303589389374]","[0.0036346786849610225]"
200,17035,1217.4485829535374,4.4624658361452845,37.864078992567045,11.73192232299877,4,"[0.04106949623999701,0.02628447759359809,0.031212817142397733,0.031212817142397733]","[3.0,3.0,3.0,3.0]","[365.0,365.0,365.0,365.0]","[4.4624658361452845,4.4624658361452845,4.4624658361452845,4.4624658361452845]","[0.908457256828734,0.9109214266031338,0.9101000366783338,0.920778105700733]","[37.41400740833603,38.314150576798056,39.69289547848763,37.19541749922051]","[1.1179509485340104,1.1179509485340104,1.1179509485340104,1.1179509485340104]","[7.0,7.0,7.0,7.0]","[1.0,1.0,1.0,1.0]","[-268187036,1621689739,-1393667710,1449950418]","[11.578094137041107,11.480006620343604,12.345441083657596,11.885750508956434]","[0.908457256828734,0.9109214266031338,0.9101000366783338,0.920778105700733]","[0.0032855596991997614,0.007392509323199463,0.0024641697743998207,0.0049283395487996415]"
200,17035,921.1197576845975,2.0861972334967884,35.15032589058147,38.05705175893205,6,"[0.03256905494613477,0.023883973627165496,0.03256905494613477,0.026055243956907816,0.03148341978126361,0.026055243956907816]","[3.0,3.0,3.0,3.0,3.0,3.0]","[365.0,365.0,365.0,365.0,365.0,365.0]","[2.0861972334967884,2.0861972334967884,2.0861972334967884,2.0861972334967884,2.0861972334967884,2.0861972334967884]","[0.8609086857428291,0.8902208351943504,0.8695937670617984,0.8728506725564118,0.8847926593699945,0.8902208351943504]","[39.16067893527883,35.407095931747705,38.98694186107485,31.87546404332738,34.893555849415236,33.32937998457709]","[0.8458399978738269,0.8458399978738269,0.8458399978738269,0.8458399978738269,0.8458399978738269,0.8458399978738269]","[7.0,7.0,7.0,7.0,7.0,7.0]","[1.0,1.0,1.0,1.0,1.0,1.0]","[-1969051380,-945263794,1654444079,479248489,1302874432,-1787149481]","[36.52430459446856,39.297927330031115,36.364288990766134,43.42676212802203,40.449961350642695,36.81617618783297]","[0.8609086857428291,0.8902208351943504,0.8695937670617984,0.8728506725564118,0.8847926593699945,0.8902208351943504]","[0.0423397714299752,0.03148341978126361,0.04885358241920215,0.04885358241920215,0.028226514286650132,0.03256905494613477]"
200,17035,1242.852692053313,5.0,37.95632097870048,11.2996982756266,3,"[0.025747218640314408,0.04425303203804039,0.04183923029051091]","[3.0,3.0,3.0]","[365.0,365.0,365.0]","[5.0,5.0,5.0]","[0.9075894570710829,0.8995434512459846,0.8987388506634748]","[37.95632097870048,37.296599297276565,40.953508944783756]","[1.1412788724089191,1.1412788724089191,1.1412788724089191]","[7.0,7.0,7.0]","[1.0,1.0,1.0]","[808585769,156526073,1684783962]","[11.138866529291821,11.2996982756266,11.801724897866047]","[0.9075894570710829,0.8995434512459846,0.8987388506634748]","[0.003218402330039301,0.0024138017475294755,0.0024138017475294755]"
200,17035,1322.4296931920446,4.84232689857312,37.83196494492041,11.09966924763848,1,"[0.021929332159806993]","[3.0]","[365.0]","[4.84232689857312]","[0.9217881345794733]","[37.83196494492041]","[1.2143523353462302]","[7.0]","[1.0]","[1173491676]","[11.09966924763848]","[0.9217881345794733]","[0.0045371032054773094]"
200,17035,1425.6692099410252,5.0,38.302161572384904,11.245996785851766,2,"[0.03156412419249868,0.03226554917455421]","[3.0,3.0]","[365.0,365.0]","[5.0,5.0]","[0.9083453517619066,0.904838226851629]","[39.323619918603704,37.280703226166096]","[1.3091544627557623,1.3091544627557623]","[7.0,7.0]","[1.0,1.0]","[-313303807,918757866]","[11.481993258808906,11.010000312894624]","[0.9083453517619066,0.904838226851629]","[0.002805699928222105,0.002805699928222105]"
200,17035,1415.1298662905126,4.500235970468066,36.59873380958694,11.62925582770569,3,"[0.027559308109460588,0.02331941455415896,0.028972605961227797]","[3.0,3.0,3.0]","[365.0,365.0,365.0]","[4.500235970468066,4.500235970468066,4.500235970468066]","[0.9066305719086649,0.9158170079451519,0.9080438697604322]","[36.59873380958694,35.73651955295999,40.47938537577245]","[1.2994764612401402,1.2994764612401402,1.2994764612401402]","[7.0,7.0,7.0]","[1.0,1.0,1.0]","[-1268111141,556987509,1955342405]","[11.62925582770569,11.390102231334255,11.870316689069664]","[0.9066305719086649,0.9158170079451519,0.9080438697604322]","[7.066489258836047E-4,0.002826595703534419,0.004239893555301629]"
200,17035,1242.5495398657622,4.7959297811751656,37.849297271781694,11.318698423086438,2,"[0.035411062970377424,0.02414390657071188]","[3.0,3.0]","[365.0,365.0]","[4.7959297811751656,4.7959297811751656]","[0.8989581213161724,0.9118348714872186]","[39.176462859996064,36.522131683567316]","[1.1410004957445015,1.1410004957445015]","[7.0,7.0]","[1.0,1.0]","[1132668568,2068510668]","[11.471711183567624,11.16568566260525]","[0.8989581213161724,0.9118348714872186]","[0.002414390657071188,0.003219187542761584]"
